,,,,,,,,,,,,,,,,,,,,,,,,,,,,,,,,,,,,,,,,,,,,,,,,,,,,,,,,,,,,,,,,,,,,,,,,,,,,,,,,,,,,,,,,,,,,,,,,,,,,,,,,,,,,,,,,,,,,,,,,,,,,,,,,,,,,,,,,,,
,,,,,,,,,,,,,,,,,,,,,,,,Labor rate,$25,/hr,,,,,,,,,,,,,,,,,,,,,,,,,,,,,,,,,,,,,,,,,,,,,,,,,,,,,,,,,,,,,,,,,,,,,,,,,,,,,,,,,,,,,,,,,,,,,,,,,,,,,,,,,,,,,,,,
Energy Cost,,,Cost Wall Insulation Per SqFt,,,$0.60,,Cost Triple-paned Window Per SqFt,,,,$30.00,,,,Is Energy_Start,,0.15,max energy consumpation kwh/year,,,,,Re-Lamping labor,$0.1,hr/fixture,,,,,,,,,,,,,,,,,,,,,,,,,,,,,,,,,,,,,,,,,,,,,,,,,,,,,,,,,,,,,,,,,,,,,,,,,,,,,,,,,,,,,,,,,,,,,,,,,,,,,,,,,,,,,,,,
Electric ($/ kWh),0.11,,Cost Ceiling Insulation Per SqFt,,,$1.40,,"Cost basement Insulation(3"") Per SqFt ",,,,$7.00,,,,Fraction_savings_Energy_Star_refrigerator,,,,,0.5,,,Cost/Bulb,$2.44,,,,,,,,,,,,,,,,,,,Envelope Saving,,,,,,,,,,,,,Simple Payback Envelope,,,,,,,,,,,,HVAC and Water heaters Equipment Savings,,,,,,,,,,,,,,Appliance and Lights Savings,,,,,,,,Other Savings,,,,,,,,,,,,,,,,,,,,,,,,,,,,,,,,,,,,,,,,,,,,,,,
Gas ($/CCF),0.6,Area    (sf),,,,,Rvalue (f^2*F/But),,,,HVAC   System,,Water heater,Refrigerator,,,lights,,,"Equipment ,on or off",,,,,,,Utiity Analysis,,,,,,, Upgrade,,,,,,,,,,Envelope Heating  (therms) _ Saving,,,,,,Envelope Cooling (kWh)_ Saving,,,,,,Total Envelope ,Add Attic Insulation,,,Add Wall  Insulation,,,Add Triple-paned window,,,Add Basement Insulation,,,furnace gas_ Savings,,,,"AC,SEER   Savings",,,,Water heaters savings,,,,,Total  Equipment  Cost Savings ($),,,,,,,,Total House cost savings ($),,,,,,,,,,,,,,,,,,,,,,,,,,,,,,,,,,,,,,,,,,,,,,,,
House Number,Address,Floor ,Basement ,Attic,Window,Wall,Basement ,Attic,Windows,Walls,"eff, heating",SEER,"EF,WH",Energy_use_Refr kWh/yr,"EF,refrig","Size,refrig","No,lights,fluor",CFL bulb (W/lamp),Operating Hours_Lighting ,"WH,on","AC,On","Furn,pilot,on","Refrig,on","Duct open, basement (in^2)",Attic Penetration (in2),"No, Occupancy",Baseline Electric Intensity (kWh/sf),Total Elec Instensity (kWh/sf),Baseline_gas_int_kBTU/sf,Heating Gas Intensity (kBTU/sf),Total Gas Intensity (kBTU/sf),HeatingDegree Hour,CoolingDegree Hours,"Attic insul,R",Wall insul_R,Windows_R,Basement _R,"Furn,eff","EF,WH",Lighting LED (W/lamp),"EF,Refrig cubic feet•day/kWh","size,Refrig (cubic feet)","AC,SEER",Attic insul,Wall insul,Windows,Basement,Total Saving (therms/year),Cost Savings  Heating ($),Attic insul,Wall insul,Windows,Basement,Total Saving           kWh/year,Cost Savings Cooling ($), Cost Savings ($),Annual Financial Savings ($),Total Invest. Cost,Payback (years),Annual Financial Savings ($),Total Invest. Cost,Payback (years),Annual Financial Savings ($),Total Invest. Cost,Payback (years),Annual Financial Savings ($),Total Invest. Cost,Payback (years),fur_gas         Saving (therms),Cost Savings  furn ($),Total Invest. Cost,Payback (years),"AC,SEER   Saving kWh",Cost Savings  AC ($),Total Invest. Cost,Payback (years),Estimated Annual Cost  of Operation_WH  Current,Estimated Annual Cost of Operation_WH_Improved,Annual Cost WH_savings ,Total Invest. Cost,Payback (years),,Annual Electric Refrig-savings kWh,Annual Cost Savings  refrig  ($),Total Invest. Cost,Payback (years),Cost Savings Lighting  ($),Total Invest. Cost,Payback (years),,"WH,off",Payback (years),"Refrig,off",Payback (years),"AC,off","Attic,penetration",Duct open,,,,,,,,,,,,,,,,,,,,,,,,,,,,,,,,,,,,,,,,,
1,   407  Lowes   ,1460,No Basement,1460,219,1311,5,37,2,14,95%,14,0.8,345,24,18.9,36,14,4368,0,0,0,1,0,0,5,0,0,4,37,42,174279,135307,46,15,5,10,97.4%,0.96,9,24,18.9,26,14,13,120,0,148,$89,73,71,635,0,779,$86,$174,$16,"$2,044",125.05,$16,$787,49.77,$142,"$6,570",46.24,$0,0,0.00,3,$2.1,"$1,200.00",574,359,$40,"$2,300",58,$112,$94,$19,$949,51,$60,22,$2,$715,301,$86,$178,2.06,$323,$0,Immediate,$11,Immediate,0,0,0,,,,,,,,,,,,,,,,,,,,,,,,,,,,,,,,,,,,,,,,,
2,    411  Lowes    ,1460,No Basement,1460,219,1311,5,37,2,14,95%,14,0.8,345,24,18.9,36,14,4368,0,0,0,1,0,0,5,0,0,4,36,41,127775,135307,46,15,5,10,97.4%,0.96,9,24,18.9,26,10,10,88,0,108,$65,73,71,635,0,779,$86,$151,$14,"$2,044",144.67,$14,$787,57.58,$123,"$6,570",53.50,$0,0,0.00,3,$1.5,"$1,200.00",782,359,$40,"$2,300",58,$112,$94,$19,$949,51,$60,22,$2,$715,301,$86,$178,2.06,$299,$0,Immediate,$11,Immediate,0,0,0,,,,,,,,,,,,,,,,,,,,,,,,,,,,,,,,,,,,,,,,,
3,   415  Lowes    ,1460,No Basement,1460,219,1311,5,37,2,14,95%,14,0.8,345,24,18.9,36,14,4368,0,1,0,1,0,0,5,0,0,2,37,40,144887,135307,46,15,5,10,97.4%,0.96,9,24,18.9,26,12,11,100,0,123,$74,73,71,635,0,779,$86,$159,$15,"$2,044",136.77,$14,$787,54.44,$130,"$6,570",50.58,$0,0,0.00,3,$1.7,"$1,200.00",690,359,$40,"$2,300",58,$112,$94,$19,$949,51,$60,22,$2,$715,301,$86,$178,2.06,$308,$0,Immediate,$11,Immediate,0,0,0,,,,,,,,,,,,,,,,,,,,,,,,,,,,,,,,,,,,,,,,,
4,   417  Lowes    ,1460,No Basement,1460,219,1311,5,37,2,14,95%,14,0.8,345,24,18.9,36,14,4368,0,1,0,1,0,0,5,0,0,6,35,41,122329,135307,46,15,5,10,97.4%,0.96,9,24,18.9,26,10,9,85,0,104,$62,73,71,635,0,779,$86,$148,$14,"$2,044",147.38,$13,$787,58.66,$121,"$6,570",54.50,$0,0,0.00,2,$1.5,"$1,200.00",817,359,$40,"$2,300",58,$112,$94,$19,$949,51,$60,22,$2,$715,301,$86,$178,2.06,$296,$0,Immediate,$11,Immediate,0,0,0,,,,,,,,,,,,,,,,,,,,,,,,,,,,,,,,,,,,,,,,,
5,410  Lowes,1440,648,720,158,1462,5,6,2,14,95%,14,0.8,407,22,20.6,18,14,4368,0,1,0,1,27,0,5,6,6,9,53,62,123282,1001,46,15,5,10,97.4%,0.96,9,24,18.9,26,124,11,61,84,280,$168,7,1,3,5,15,$2,$170,$75,"$1,008",13.39,$6,$877,137.00,$37,"$4,740",127.28,$51,"$4,536.00",89.10,7,$4.0,"$1,200.00",302,7,$1,"$2,300",2930,$112,$94,$19,$949,51,$23,76,$8,$715,86,$43,$89,2.06,$245,$0,Immediate,$13,Immediate,0,0,0,,,,,,,,,,,,,,,,,,,,,,,,,,,,,,,,,,,,,,,,,
6,418  Lowes,1228,624,656,131,1429,5,6,2,5,95%,14,0.8,479,19,20.5,14,14,4368,0,1,0,0,27,0,5,6,7,56,21,77,204547,10731,46,15,5,10,97.4%,0.96,9,24,18.9,26,188,423,85,134,829,$498,67,151,30,48,295,$33,$530,$120,$918,7.65,$270,$857,3.17,$54,"$3,930",72.74,$86,"$4,368.00",50.92,20,$11.7,"$1,200.00",102,136,$15,"$2,300",153,$112,$94,$19,$949,51,$45,128,$14,$715,51,$34,$69,2.06,$623,$0,Immediate,$0,Immediate,0,0,0,,,,,,,,,,,,,,,,,,,,,,,,,,,,,,,,,,,,,,,,,
7,412  Lowes,1120,648,560,124,1496,5,6,2,5,90%,0,0.59,430,21,20.43,14,14,4368,1,0,0,1,0,0,6,9,9,41,138,179,112070,11055,46,15,5,10,97.4%,0.7,9,24,18.9,0,93,256,46,81,476,$286,0,0,0,0,0,$0,$286,$56,$784,14.08,$154,$898,5.84,$28,"$3,720",133.85,$48,"$4,536.00",93.69,36,$21.7,"$1,200.00",55,0,$0,$0,0,$152,$128,$24,$949,40,$46,89,$10,$715,73,$34,$69,2.06,$375,$44,Immediate,$14,Immediate,0,0,0,,,,,,,,,,,,,,,,,,,,,,,,,,,,,,,,,,,,,,,,,
8,423  Lowes,2119,960,1056,180,2220,5,13,2,14,78%,0,0.55,479,19,20.5,30,14,4368,0,0,1,1,27,144,6,5,5,11,77,89,166980,688,46,15,5,10,97.4%,0.7,9,24,18.9,0,130,26,116,206,477,$286,0,0,0,0,0,$0,$286,$78,"$1,478",19.02,$16,"$1,332",83.80,$69,"$5,400",77.85,$123,"$6,720.00",54.50,95,$57.0,"$1,200.00",21,0,$0,$0,0,$163,$128,$35,$949,27,$92,128,$14,$715,51,$72,$148,2.06,$465,$0,Immediate,$15,Immediate,0,0,0,,,,,,,,,,,,,,,,,,,,,,,,,,,,,,,,,,,,,,,,,
9,431  Lowes,952,648,644,92,1528,5,10,2,5,95%,16,0.56,461,16,16.5,14,14,4368,0,0,0,1,27,0,4,5,5,65,96,160,64536,2540,46,15,5,10,97.4%,0.7,9,24,18.9,26,36,143,19,44,241,$144,8,33,4,10,56,$6,$151,$22,$902,40.55,$89,$917,10.28,$12,"$2,760",235.50,$28,"$4,536.00",164.85,6,$3.4,"$1,200.00",352,22,$2,"$2,300",965,$161,$128,$32,$949,30,$38,111,$12,$715,59,$34,$69,2.06,$234,$0,Immediate,$15,Immediate,0,0,0,,,,,,,,,,,,,,,,,,,,,,,,,,,,,,,,,,,,,,,,,
10,433 Lowes,952,648,644,109,1511,5,7,2,5,95%,14,0.56,407,22,20.5,20,14,4368,1,0,0,1,0,0,4,13,13,87,59,145,54078,9188,46,15,5,10,97.4%,0.7,9,24,18.9,26,41,118,19,37,215,$129,47,136,21,43,248,$27,$156,$30,$902,30.24,$86,$907,10.56,$14,"$3,270",241.91,$27,"$4,536.00",169.34,5,$3.0,"$1,200.00",395,114,$13,"$2,300",183,$161,$128,$32,$949,30,$48,74,$8,$715,88,$48,$99,2.06,$260,$46,Immediate,$13,Immediate,0,0,0,,,,,,,,,,,,,,,,,,,,,,,,,,,,,,,,,,,,,,,,,
11,434 Lowes,1483,696,835,169,1571,5,17,2,4,95%,14,0.59,509,18,20.5,18,14,4368,1,1,0,1,0,0,6,6,6,36,78,114,117622,5685,46,15,5,10,97.4%,0.7,9,24,18.9,26,38,369,63,86,556,$334,13,121,21,28,183,$20,$354,$24,"$1,169",47.98,$235,$943,4.02,$40,"$5,070",127.10,$55,"$4,872.00",88.97,13,$7.9,"$1,200.00",152,84,$9,"$2,300",248,$152,$128,$24,$949,40,$41,150,$16,$715,43,$43,$89,2.06,$455,$44,Immediate,$16,Immediate,0,0,0,,,,,,,,,,,,,,,,,,,,,,,,,,,,,,,,,,,,,,,,,
12,438  Lowes,1320,636,681,117,1473,5,18,2,13,80%,11.3,0.56,461,16,16.5,20,14,4368,0,1,0,1,0,0,5,7,7,22,78,101,108192,6569,46,15,5,10,97.4%,0.7,9,24,18.9,26,32,24,47,86,189,$114,14,10,20,37,81,$9,$123,$21,$953,46.36,$16,$884,56.76,$31,"$3,510",114.23,$56,"$4,452.00",79.96,34,$20.3,"$1,200.00",59,46,$5,"$2,300",454,$161,$128,$32,$949,30,$57,111,$12,$715,59,$48,$99,2.06,$240,$0,Immediate,$15,Immediate,0,0,0,,,,,,,,,,,,,,,,,,,,,,,,,,,,,,,,,,,,,,,,,
13,440  Lowes ,1440,672,792,170,1510,5,18,2,13,80%,0,0.59,479,19,20.5,20,14,4368,0,0,0,1,0,0,6,5,5,24,53,78,112371,10689,46,15,5,10,97.4%,0.7,9,24,18.9,0,38,26,72,94,230,$138,0,0,0,0,0,$0,$138,$23,"$1,109",48.15,$15,$906,58.96,$43,"$5,100",118.65,$57,"$4,704.00",83.06,41,$24.7,"$1,200.00",49,0,$0,$0,0,$152,$128,$24,$949,40,$49,128,$14,$715,51,$48,$99,2.06,$249,$0,Immediate,$15,Immediate,0,0,0,,,,,,,,,,,,,,,,,,,,,,,,,,,,,,,,,,,,,,,,,
14, 441 Lowes    ,980,648,672,112,1508,5,9,2,4,79%,0,0.59,683,12,18,14,14,4368,0,0,0,1,0,0,3,6,6,16,151,166,253334,11085,46,15,5,10,97.4%,0.7,9,24,18.9,0,182,918,108,208,1416,$849,0,0,0,0,0,$0,$849,$109,$941,8.62,$551,$905,1.64,$65,"$3,360",51.97,$125,"$4,536.00",36.38,267,$160.5,"$1,200.00",7,0,$0,$0,0,$152,$128,$24,$949,40,$184,282,$31,$715,23,$34,$69,2.06,"$1,098",$0,Immediate,$22,Immediate,0,0,0,,,,,,,,,,,,,,,,,,,,,,,,,,,,,,,,,,,,,,,,,
15, 442 Lowes    ,1400,660,700,95,1555,5,26,2,13,78%,0,0.55,479,19,20.5,20,14,4368,1,0,0,1,0,0,8,8,8,38,65,102,68054,11710,46,15,5,10,97.4%,0.7,9,24,18.9,0,10,16,25,58,109,$66,0,0,0,0,0,$0,$66,$6,$980,157.12,$10,$933,94.92,$15,"$2,850",191.02,$35,"$4,620.00",133.72,22,$13.1,"$1,200.00",92,0,$0,$0,0,$163,$128,$35,$949,27,$48,128,$14,$715,51,$48,$99,2.06,$176,$47,Immediate,$15,Immediate,0,0,0,,,,,,,,,,,,,,,,,,,,,,,,,,,,,,,,,,,,,,,,,
16, 444 Lowes   ,864,816,864,70,1018,5,6,2,4,80%,0,0.59,461,16,16.5,16,14,4368,1,0,0,1,0,0,3,10,10,109,110,220,103572,8938,46,15,5,10,97.4%,0.7,9,24,18.9,0,149,250,27,106,532,$319,0,0,0,0,0,$0,$319,$89,"$1,210",13.54,$150,$611,4.07,$16,"$2,100",128.74,$63,"$5,712.00",90.11,95,$57.0,"$1,200.00",21,0,$0,$0,0,$152,$128,$24,$949,40,$81,111,$12,$715,59,$38,$79,2.06,$451,$44,Immediate,$15,Immediate,0,0,0,,,,,,,,,,,,,,,,,,,,,,,,,,,,,,,,,,,,,,,,,
17,446 Lowes    ,960,888,960,119,1065,5,6,1,5,95%,14,0.8,407,22,20.6,16,14,4368,1,0,0,1,27,0,4,7,7,12,132,146,129899,4399,46,15,5,10,97.4%,0.96,9,24,18.9,26,175,200,130,121,626,$376,40,46,30,28,144,$16,$391,$109,"$1,344",12.31,$125,$639,5.11,$81,"$3,570",43.91,$76,"$6,216.00",81.96,15,$8.9,"$1,200.00",135,66,$7,"$2,300",315,$112,$94,$19,$949,51,$35,76,$8,$715,86,$38,$79,2.06,$473,$32,Immediate,$13,Immediate,0,0,0,,,,,,,,,,,,,,,,,,,,,,,,,,,,,,,,,,,,,,,,,
18, 449  Lowes    ,952,528,644,120,584,5,6,2,4,80%,0,0.56,407,22,20.6,12,14,4368,1,0,0,1,0,0,3,5,5,118,153,272,98329,9233,46,15,5,10,97.4%,0.7,9,24,18.9,0,105,136,44,65,351,$210,0,0,0,0,0,$0,$210,$63,$902,14.26,$82,$350,4.28,$27,"$3,600",135.60,$39,"$3,696.00",94.92,63,$37.6,"$1,200.00",32,0,$0,$0,0,$161,$128,$32,$949,30,$70,76,$8,$715,86,$29,$59,2.06,$317,$46,Immediate,$13,Immediate,0,0,0,,,,,,,,,,,,,,,,,,,,,,,,,,,,,,,,,,,,,,,,,
19, 451 Lowes    ,1124,636,632,137,1453,5,13,2,5,80%,0,0.55,407,22,20.6,18,14,4368,0,0,0,1,27,0,5,3,3,33,108,142,120518,25765,46,15,5,10,97.4%,0.7,9,24,18.9,0,55,301,62,96,513,$308,0,0,0,0,0,$0,$308,$33,$885,27.02,$181,$872,4.83,$37,"$4,110",110.63,$57,"$4,452.00",77.44,92,$55.0,"$1,200.00",22,0,$0,$0,0,$163,$128,$35,$949,27,$90,76,$8,$715,86,$43,$89,2.06,$450,$0,Immediate,$13,Immediate,0,0,0,,,,,,,,,,,,,,,,,,,,,,,,,,,,,,,,,,,,,,,,,
20,457 Lowes  ,1288,696,712,108,1632,5,13,2,4,80%,0,0.56,461,16,16.5,18,14,4368,1,0,0,1,27,0,6,4,4,0,106,106,228644,8931,46,15,5,10,97.4%,0.7,9,24,18.9,0,117,886,93,199,1294,$776,0,0,0,0,0,$0,$776,$70,$997,14.24,$531,$979,1.84,$56,"$3,240",58.31,$119,"$4,872.00",40.82,231,$138.7,"$1,200.00",9,0,$0,$0,0,$161,$128,$32,$949,30,$171,111,$12,$715,59,$43,$89,2.06,"$1,002",$46,Immediate,$15,Immediate,0,0,0,,,,,,,,,,,,,,,,,,,,,,,,,,,,,,,,,,,,,,,,,
21, 512 Lowes    ,812,864,812,127,1025,5,13,2,4,78%,0,0.59,683,12,18,10,14,4368,1,1,0,0,0,0,2,6,7,135,79,212,58768,7599,46,15,5,10,97.4%,0.7,9,24,18.9,0,35,147,29,65,276,$165,0,0,0,0,0,$0,$165,$21,"$1,137",54.03,$88,$615,6.99,$17,"$3,810",221.21,$39,"$6,048.00",154.85,55,$32.9,"$1,200.00",36,0,$0,$0,0,$152,$128,$24,$949,40,$57,282,$31,$715,23,$24,$49,2.06,$277,$44,Immediate,$0,Immediate,0,0,0,,,,,,,,,,,,,,,,,,,,,,,,,,,,,,,,,,,,,,,,,
22, 514  Lowes    ,1248,708,1248,105,839,5,10,2,4,78%,13,0.59,383,21,18.2,14,14,4368,1,1,0,1,0,0,2,1,1,56,66,123,94912,135307,46,15,5,10,97.4%,0.7,9,24,18.9,26,0,194,38,86,318,$191,1017,1658,328,737,3739,$411,$602,$112,"$1,747",15.62,$299,$503,1.69,$59,"$3,150",53.33,$133,"$4,956.00",37.33,63,$38.0,"$1,200.00",32,1870,$206,"$2,300",11,$152,$128,$24,$949,40,$268,50,$6,$715,129,$34,$69,2.06,$909,$44,Immediate,$12,Immediate,0,0,0,,,,,,,,,,,,,,,,,,,,,,,,,,,,,,,,,,,,,,,,,
23, 516 Lowes    ,924,708,924,116,828,5,13,2,4,78%,13,0.55,844,9,17,14,14,4368,0,0,0,1,0,0,2,8,8,2,90,91,230112,8170,46,15,5,10,97.4%,0.7,9,24,18.9,26,156,464,103,209,932,$559,33,99,22,44,198,$22,$581,$97,"$1,294",13.28,$289,$497,1.72,$64,"$3,480",54.37,$130,"$4,956.00",38.06,186,$111.3,"$1,200.00",11,99,$11,"$2,300",211,$163,$128,$35,$949,27,$157,424,$47,$715,15,$34,$69,2.06,$818,$0,Immediate,$27,Immediate,0,0,0,,,,,,,,,,,,,,,,,,,,,,,,,,,,,,,,,,,,,,,,,
24,3 Evanston Ave,1216,648,644,152,1468,5,18,2,5,78%,0,0.56,600,12,16.8,16,14,4368,1,0,0,1,0,0,4,7,7,60,87,148,96546,759,46,15,5,10,0.974,0.7,9,24,18.9,0,27,250,56,80,414,$248,0,0,0,0,0,$0,$248,$16,$902,54.65,$150,$881,5.88,$34,"$4,560",134.65,$48,"$4,536.00",94.26,82,$49.5,"$1,200.00",24,$0,$0,$0,$0,$161,$128,$32,$949,30,$82,245,$27,$715,27,$38,$79,2.06,$395,$46,Immediate,$19,Immediate,0,0,0,,,,,,,,,,,,,,,,,,,,,,,,,,,,,,,,,,,,,,,,,
25,9 Evanston Ave,1252,684,680,114,1596,5,18,2,5,95%,10,0.56,600,12,16.8,20,14,4368,1,0,0,1,60,0,5,5,11,100,76,175,72867,4554,46,15,5,10,0.974,0.7,9,24,18.9,26,18,168,26,52,265,$159,11,100,16,31,157,$17,$176,$12,$952,79.53,$112,$958,8.55,$17,"$3,420",195.96,$35,"$4,788.00",137.17,7,$3.9,"$1,200.00",306,$97,$11,"$2,300",$216,$161,$128,$32,$949,30,$47,245,$27,$715,27,$48,$99,2.06,$298,$46,Immediate,$19,Immediate,0,0,0,,,,,,,,,,,,,,,,,,,,,,,,,,,,,,,,,,,,,,,,,
26,26 Evanston Ave,975,648,560,103,1517,5,15,2,5,78%,0,0.56,600,12,16.8,12,14,4368,1,0,1,1,63,72,4,5,5,18,75,93,122169,40300,46,15,5,10,0.974,0.7,9,24,18.9,0,38,327,48,101,515,$309,0,0,0,0,0,$0,$309,$23,$784,34.25,$196,$910,4.64,$29,"$3,090",106.41,$61,"$4,536.00",74.49,103,$61.5,"$1,200.00",20,$0,$0,$0,$0,$161,$128,$32,$949,30,$94,245,$27,$715,27,$29,$59,2.06,$458,$46,Immediate,$19,Immediate,0,0,0,,,,,,,,,,,,,,,,,,,,,,,,,,,,,,,,,,,,,,,,,
27,30 Evanston Ave,1040,720,788,100,1700,5,15,2,5,92%,0,0.81,461,16,16.5,18,14,4368,0,0,0,1,32,216,4,4,9,24,74,98,250800,4095,46,15,5,10,0.974,0.96,9,24,18.9,0,93,637,82,196,1009,$605,0,0,0,0,0,$0,$605,$56,"$1,103",19.68,$382,"$1,020",2.67,$49,"$3,000",61.14,$118,"$5,040.00",42.80,56,$33.6,"$1,200.00",36,$0,$0,$0,$0,$111,$94,$17,$949,55,$51,111,$12,$715,59,$43,$89,2.06,$712,$0,Immediate,$15,Immediate,0,0,0,,,,,,,,,,,,,,,,,,,,,,,,,,,,,,,,,,,,,,,,,
28,36 Evanston Ave,1228,660,656,114,1536,5,22,2,5,80%,0,0.59,406,22,20.5,18,14,4368,0,0,0,1,27,0,5,7,7,47,89,137,104408,7659,46,15,5,10,0.974,0.7,9,24,18.9,0,20,276,45,86,427,$256,0,0,0,0,0,$0,$256,$12,$918,76.09,$165,$922,5.57,$27,"$3,420",127.70,$52,"$4,620.00",89.39,76,$45.7,"$1,200.00",26,$0,$0,$0,$0,$152,$128,$24,$949,40,$70,74,$8,$715,88,$43,$89,2.06,$377,$0,Immediate,$13,Immediate,0,0,0,,,,,,,,,,,,,,,,,,,,,,,,,,,,,,,,,,,,,,,,,
29,39 Evanston Ave,1180,696,688,134,1606,5,18,2,14,78%,0,0.56,479,19,20.5,18,14,4368,1,0,0,1,27,288,6,5,5,28,62,91,107708,40301,46,15,5,10,0.974,0.7,9,24,18.9,0,33,12,56,96,197,$118,0,0,0,0,0,$0,$118,$20,$963,48.98,$7,$964,129.91,$33,"$4,020",120.70,$58,"$4,872.00",84.49,39,$23.5,"$1,200.00",51,$0,$0,$0,$0,$161,$128,$32,$949,30,$56,128,$14,$715,51,$43,$89,2.06,$231,$46,Immediate,$15,Immediate,0,0,0,,,,,,,,,,,,,,,,,,,,,,,,,,,,,,,,,,,,,,,,,
30,107 Evanston Ave,1228,648,656,168,1452,5,18,2,4,95%,13,0.56,461,16,16.5,16,14,4368,1,1,0,1,27,144,5,8,8,8,80,89,102726,3053,46,15,5,10,0.974,0.7,9,24,18.9,26,24,298,54,70,447,$268,5,65,12,15,97,$11,$279,$15,$918,60.22,$186,$871,4.69,$34,"$5,040",148.38,$44,"$4,536.00",103.87,11,$6.3,"$1,200.00",190,$49,$5,"$2,300",$431,$161,$128,$32,$949,30,$44,111,$12,$715,59,$38,$79,2.06,$373,$46,Immediate,$15,Immediate,0,0,0,,,,,,,,,,,,,,,,,,,,,,,,,,,,,,,,,,,,,,,,,
31,111 Evanston Ave,952,528,644,104,600,5,18,2,14,95%,10,0.81,479,19,20.5,18,14,4368,0,0,0,1,27,144,5,7,7,47,70,115,60150,5614,46,15,5,10,0.974,0.96,9,24,18.9,26,14,2,20,33,69,$42,12,2,18,30,62,$7,$48,$10,$902,91.89,$1,$360,243.71,$14,"$3,120",226.43,$23,"$3,696.00",158.50,2,$1.0,"$1,200.00",1170,$38,$4,"$2,300",$552,$111,$94,$17,$949,55,$23,128,$14,$715,51,$43,$89,2.06,$128,$0,Immediate,$15,Immediate,0,0,0,,,,,,,,,,,,,,,,,,,,,,,,,,,,,,,,,,,,,,,,,
32,112 Evanston Ave,952,528,644,120,1200,5,18,2,5,78%,0,0.59,478,17,18.2,12,14,4368,1,0,1,1,27,0,5,4,6,64,38,104,88385,52075,46,15,5,10,0.974,0.7,9,24,18.9,0,25,187,41,60,313,$188,0,0,0,0,0,$0,$188,$15,$902,59.69,$112,$720,6.42,$24,"$3,600",147.08,$36,"$3,696.00",102.96,62,$37.4,"$1,200.00",32,$0,$0,$0,$0,$152,$128,$24,$949,40,$61,125,$14,$715,52,$29,$59,2.06,$292,$44,Immediate,$15,Immediate,0,0,0,,,,,,,,,,,,,,,,,,,,,,,,,,,,,,,,,,,,,,,,,
33,115 Evanston Ave,1192,624,620,133,1427,5,18,2,5,78%,0,0.59,479,19,20.5,20,14,4368,1,0,1,0,27,144,4,5,9,70,77,148,97249,503,46,15,5,10,0.974,0.7,9,24,18.9,0,27,245,50,78,399,$239,0,0,0,0,0,$0,$239,$16,$868,54.25,$147,$856,5.83,$30,"$3,990",133.68,$47,"$4,368.00",93.57,79,$47.7,"$1,200.00",25,$0,$0,$0,$0,$152,$128,$24,$949,40,$72,128,$14,$715,51,$48,$99,2.06,$373,$44,Immediate,$0,Immediate,0,0,0,,,,,,,,,,,,,,,,,,,,,,,,,,,,,,,,,,,,,,,,,
34,116 Evanston Ave,1211,684,719,147,1563,5,6,2,5,95%,13,0.81,406,22,20.6,20,14,4368,0,0,0,1,96,0,5,4,4,6,89,97,177004,54617,46,15,5,10,0.974,0.96,9,24,18.9,26,178,400,82,127,788,$473,402,903,185,287,1778,$196,$668,$151,"$1,007",6.66,$339,$938,2.76,$70,"$4,410",63.34,$108,"$4,788.00",44.34,19,$11.2,"$1,200.00",108,$889,$98,"$2,300",$24,$111,$94,$17,$949,55,$126,76,$8,$715,86,$48,$99,2.06,$851,$0,Immediate,$13,Immediate,0,0,0,,,,,,,,,,,,,,,,,,,,,,,,,,,,,,,,,,,,,,,,,
35,119 Evanston Ave,1200,696,708,129,1611,5,18,2,4,80%,0,0.59,406,22,20.6,22,14,4368,1,0,0,1,27,0,6,7,7,25,73,99,105159,846,46,15,5,10,0.974,0.7,9,24,18.9,0,32,402,51,91,577,$346,0,0,0,0,0,$0,$346,$19,$991,51.46,$241,$967,4.01,$31,"$3,870",126.79,$55,"$4,872.00",88.75,103,$61.8,"$1,200.00",19,$0,$0,$0,$0,$152,$128,$24,$949,40,$86,76,$8,$715,86,$53,$109,2.06,$493,$44,Immediate,$13,Immediate,0,0,0,,,,,,,,,,,,,,,,,,,,,,,,,,,,,,,,,,,,,,,,,
36,120 Evanston Ave,1124,660,632,144,1506,5,18,2,5,80%,0,0.56,406,22,20.6,18,14,4368,1,0,0,1,0,0,4,6,7,99,73,171,68750,4475,46,15,5,10,0.974,0.7,9,24,18.9,0,19,178,37,57,291,$174,0,0,0,0,0,$0,$174,$11,$885,78.71,$107,$904,8.46,$22,"$4,320",193.94,$34,"$4,620.00",135.76,52,$31.1,"$1,200.00",39,$0,$0,$0,$0,$161,$128,$32,$949,30,$63,76,$8,$715,86,$43,$89,2.06,$289,$46,Immediate,$13,Immediate,0,0,0,,,,,,,,,,,,,,,,,,,,,,,,,,,,,,,,,,,,,,,,,
37,124 Evanston Ave,1144,576,572,121,1319,5,22,2,5,80%,0,0.56,406,22,20.6,18,14,4368,1,0,0,1,0,288,6,5,5,30,102,133,119825,993,46,15,5,10,0.974,0.7,9,24,18.9,0,20,272,54,86,432,$259,0,0,0,0,0,$0,$259,$12,$801,66.30,$163,$791,4.86,$33,"$3,630",111.27,$52,"$4,032.00",77.89,77,$46.4,"$1,200.00",26,$0,$0,$0,$0,$161,$128,$32,$949,30,$78,76,$8,$715,86,$43,$89,2.06,$390,$46,Immediate,$13,Immediate,0,0,0,,,,,,,,,,,,,,,,,,,,,,,,,,,,,,,,,,,,,,,,,
38,132 Evanston Ave,1911,780,776,135,1815,5,18,2,5,80%,0,0.59,406,22,20.6,20,14,4368,0,0,0,1,27,0,6,4,4,25,78,104,106722,746,46,15,5,10,0.974,0.7,9,24,18.9,0,36,333,54,104,527,$316,0,0,0,0,0,$0,$316,$21,"$1,086",50.70,$200,"$1,089",5.45,$32,"$4,050",124.94,$62,"$5,460.00",87.45,94,$56.5,"$1,200.00",21,$0,$0,$0,$0,$152,$128,$24,$949,40,$80,76,$8,$715,86,$48,$99,2.06,$453,$0,Immediate,$13,Immediate,0,0,0,,,,,,,,,,,,,,,,,,,,,,,,,,,,,,,,,,,,,,,,,
39,135 Evanston Ave,1211,708,644,160,1610,5,18,2,4,80%,0,0.81,406,22,20.6,18,14,4368,0,0,1,1,0,0,5,3,3,41,80,121,116871,6646,46,15,5,10,0.974,0.96,9,24,18.9,0,32,447,70,103,653,$392,0,0,0,0,0,$0,$392,$19,$902,46.30,$268,$966,3.60,$42,"$4,800",114.09,$62,"$4,956.00",79.86,117,$70.0,"$1,200.00",17,$0,$0,$0,$0,$111,$94,$17,$949,55,$87,76,$8,$715,86,$43,$89,2.06,$530,$0,Immediate,$13,Immediate,0,0,0,,,,,,,,,,,,,,,,,,,,,,,,,,,,,,,,,,,,,,,,,
40,136 Evanston Ave,952,648,560,138,1482,5,18,2,5,95%,13,0.56,479,19,20.5,16,14,4368,1,0,0,0,27,0,4,5,5,61,89,150,103404,852,46,15,5,10,0.974,0.7,9,24,18.9,26,21,222,45,70,358,$215,1,13,3,4,22,$2,$217,$13,$784,61.53,$134,$889,6.62,$27,"$4,140",151.61,$43,"$4,536.00",106.12,8,$5.1,"$1,200.00",237,$11,$1,"$2,300","$1,938",$161,$128,$32,$949,30,$38,128,$14,$715,51,$38,$79,2.06,$308,$46,Immediate,$0,Immediate,0,0,0,,,,,,,,,,,,,,,,,,,,,,,,,,,,,,,,,,,,,,,,,
41,139 Evanston Ave,1389,660,719,214,1436,5,20,2,5,95%,13,0.59,478,17,18.2,22,14,4368,1,0,0,1,27,0,5,8,8,36,75,109,65294,1465,46,15,5,10,0.974,0.7,9,24,18.9,26,14,136,44,45,239,$143,2,22,7,7,39,$4,$148,$9,"$1,007",117.08,$84,$862,10.28,$27,"$6,420",235.66,$28,"$4,620.00",164.96,6,$3.4,"$1,200.00",355,$20,$2,"$2,300","$1,066",$152,$128,$24,$949,40,$29,125,$14,$715,52,$53,$109,2.06,$244,$44,Immediate,$15,Immediate,0,0,0,,,,,,,,,,,,,,,,,,,,,,,,,,,,,,,,,,,,,,,,,
42,143 Evanston Ave,1144,576,572,134,1306,5,18,2,5,80%,0,0.57,479,19,20.5,18,14,4368,1,0,1,1,27,0,5,6,6,87,88,173,57165,4312,46,15,5,10,0.974,0.7,9,24,18.9,0,14,128,29,41,212,$127,0,0,0,0,0,$0,$127,$8,$801,94.66,$77,$784,10.18,$17,"$4,020",233.24,$25,"$4,032.00",163.27,38,$22.8,"$1,200.00",53,$0,$0,$0,$0,$158,$128,$29,$949,32,$52,128,$14,$715,51,$43,$89,2.06,$237,$45,Immediate,$15,Immediate,0,0,0,,,,,,,,,,,,,,,,,,,,,,,,,,,,,,,,,,,,,,,,,
43,228 Stonemill Rd,1115,No basement,973,256,1694,5,35,2,14,92%,13,0.59,600,12,16.8,24,14,4368,0,1,1,1,0,144,6,4,4,77,91.03934283,169,95343,1305,46,15,5,10,97.4%,0.70,9,24,18.9,26,7,10,80,0,96,$58,1,1,8,0,9,$1,$59,$4,"$1,362",$338,$6,"$1,016",$170,$49,"$7,680",$158,$0,$0,$0,5,$3.2,"$1,200.00",376,5,$1,"$2,300",4499,$152,$128,$24,$949,40,$28,245,$27,$715,27,$58,$119,2.06,$171,$0,Immediate,$19,Immediate,$0,$0,$0,,,,,,,,,,,,,,,,,,,,,,,,,,,,,,,,,,,,,,,,,
44,230 Stonemill Rd,1115,No basement,973,262,1688,5,35,2,14,92%,10,0.59,600,12,16.8,24,14,4368,0,1,1,1,0,144,6,1,1,46,57.78036798,103,65478,135307,46,15,5,10,97.4%,0.70,9,24,18.9,26,5,7,56,0,67,$40,86,127,1064,0,1277,$140,$181,$12,"$1,362",$112,$18,"$1,013",$56,$151,"$7,860",$52,$0,$0,$0,4,$2.2,"$1,200.00",537,786,$86,"$2,300",27,$152,$128,$24,$949,40,$113,245,$27,$715,27,$58,$119,2.06,$378,$0,Immediate,$19,Immediate,$0,$0,$0,,,,,,,,,,,,,,,,,,,,,,,,,,,,,,,,,,,,,,,,,
45,231 Stonemill Rd,714,780,798,104,936,5,15,2,5,95%,10,0.63,509,18,20.5,12,14,4368,0,0,0,1,27,72,3,4,4,74,55.60889367,129,64866,1338,46,15,5,10,97.4%,0.70,9,24,18.9,26,24,88,21,53,186,$112,5,17,4,10,36,$4,$116,$15,"$1,117",$76,$55,$562,$10,$13,"$3,120",$236,$33,"$5,460",$165,4,$2.6,"$1,200.00",455,22,$2,"$2,300",931,$143,$128,$14,$949,67,$19,150,$16,$715,43,$29,$59,2.06,$180,$0,Immediate,$16,Immediate,$0,$0,$0,,,,,,,,,,,,,,,,,,,,,,,,,,,,,,,,,,,,,,,,,
46,232 Stonemill Rd,1115,No basement,973,241,1709,5,35,2,14,96%,10,0.65,600,12,16.8,26,14,4368,0,1,0,1,0,0,6,6,6,69,72.7809115,141,57238,2285,46,15,5,10,97.4%,0.70,9,24,18.9,26,4,6,43,0,53,$32,1,2,17,0,20,$2,$34,$2,"$1,362",$558,$4,"$1,025",$281,$28,"$7,230",$261,$0,$0,$0,1,$0.5,"$1,200.00",2646,12,$1,"$2,300",1686,$138,$128,$10,$949,96,$12,245,$27,$715,27,$62,$128,2.06,$135,$0,Immediate,$19,Immediate,$0,$0,$0,,,,,,,,,,,,,,,,,,,,,,,,,,,,,,,,,,,,,,,,,
47,234 Stonemill Rd,1115,No basement,973,214,1736,5,35,2,14,92%,16,0.59,600,12,16.8,20,14,4368,1,0,0,1,0,144,6,10,10,22,180.8937629,204,113990,757,46,15,5,10,97.4%,0.70,9,24,18.9,26,8,12,80,0,99,$60,0,0,3,0,4,$0,$60,$5,"$1,362",$285,$7,"$1,042",$144,$48,"$6,420",$134,$0,$0,$0,6,$3.3,"$1,200.00",363,1,$0,"$2,300",14327,$152,$128,$24,$949,40,$27,245,$27,$715,27,$48,$99,2.06,$162,$44,Immediate,$19,Immediate,$0,$0,$0,,,,,,,,,,,,,,,,,,,,,,,,,,,,,,,,,,,,,,,,,
48,233 Stonemill Rd,1908,852,1009,98,2032,5,18,2,14,80%,10,0.59,469,16,16.78,18,14,4368,0,1,0,1,0,0,5,6,6,123,105.1610849,226,58488,5663,46,15,5,10,97.4%,0.70,9,24,18.9,26,25,8,21,62,118,$71,20,6,17,0,43,$5,$75,$17,"$1,413",$81,$6,"$1,219",$215,$15,"$2,940",$200,$37,"$5,964",$160,21,$12.6,"$1,200.00",95,26,$3,"$2,300",794,$152,$128,$24,$949,40,$39,117,$13,$715,56,$43,$89,2.06,$171,$0,Immediate,$15,Immediate,$0,$0,$0,,,,,,,,,,,,,,,,,,,,,,,,,,,,,,,,,,,,,,,,,
49,237 Stonemill Rd,918,528,459,128,1192,5,18,2,5,95%,10,0.56,407,22,20.5,16,14,4368,1,1,0,1,27,0,3,5,5,79,94.64673942,172,65480,4211,46,15,5,10,97.4%,0.70,9,24,18.9,26,11,113,26,36,187,$112,7,69,16,22,114,$13,$124,$7,$643,$88,$75,$715,$9,$18,"$3,840",$218,$24,"$3,696",$152,4,$2.6,"$1,200.00",454,70,$8,"$2,300",298,$161,$128,$32,$949,30,$42,74,$8,$715,88,$38,$79,2.06,$214,$46,Immediate,$13,Immediate,$0,$0,$0,,,,,,,,,,,,,,,,,,,,,,,,,,,,,,,,,,,,,,,,,
50,238 Stonemill Rd,1004,No basement,777,85,1835,5,35,2,14,94%,15,0.65,469,16,16.78,16,14,4368,1,0,0,1,0,144,6,6,6,11,93.63637661,106,121869,2598,46,15,5,10,97.4%,0.70,9,24,18.9,26,7,13,33,0,53,$32,1,2,4,0,7,$1,$32,$4,"$1,088",$268,$8,"$1,101",$135,$20,"$2,550",$126,$0,$0,$0,2,$1.1,"$1,200.00",1117,3,$0,"$2,300",6989,$138,$128,$10,$949,96,$11,117,$13,$715,56,$38,$79,2.06,$95,$40,Immediate,$15,Immediate,$0,$0,$0,,,,,,,,,,,,,,,,,,,,,,,,,,,,,,,,,,,,,,,,,
51,240 Stonemill Rd,1004,No basement,777,102,1818,5,35,2,14,94%,0,0.65,469,16,16.78,16,14,4368,1,0,0,1,0,144,6,5,5,32,113.0571738,146,116307,5571,46,15,5,10,97.4%,0.70,9,24,18.9,0,6,13,38,0,57,$34,0,0,0,0,0,$0,$34,$4,"$1,088",$288,$8,"$1,091",$145,$23,"$3,060",$135,$0,$0,$0,2,$1.2,"$1,200.00",1042,0,$0,$0,0,$138,$128,$10,$949,96,$11,117,$13,$715,56,$38,$79,2.06,$96,$40,Immediate,$15,Immediate,$0,$0,$0,,,,,,,,,,,,,,,,,,,,,,,,,,,,,,,,,,,,,,,,,
52,306 Stonemill Rd,1834,756,836,129,1761,5,22,2,5,95%,13,0.81,407,22,20.5,18,14,4368,0,0,0,1,0,36,5,5,5,80,74.08544152,153,61368,812,46,15,5,10,97.4%,0.95,9,24,18.9,26,13,156,25,49,243,$146,1,15,2,5,24,$3,$148,$8,"$1,170",$151,$95,"$1,057",$11,$15,"$3,870",$254,$30,"$5,292",$178,6,$3.4,"$1,200.00",349,12,$1,"$2,300",1779,$111,$95,$16,$949,58,$21,74,$8,$715,88,$43,$89,2.06,$221,$0,Immediate,$13,Immediate,$0,$0,$0,,,,,,,,,,,,,,,,,,,,,,,,,,,,,,,,,,,,,,,,,
53,301 Stonemill Rd,997,780,812,155,1795,5,22,2,5,95%,13,0.59,407,22,20.5,20,14,4368,1,1,0,1,0,0,6,5,5,49,75.89482275,125,116572,2119,46,15,5,10,97.4%,0.70,9,24,18.9,26,23,303,57,96,479,$287,3,40,8,13,64,$7,$294,$14,"$1,137",$79,$186,"$1,077",$6,$35,"$4,650",$133,$59,"$5,460",$93,11,$6.8,"$1,200.00",177,32,$4,"$2,300",657,$152,$128,$24,$949,40,$34,74,$8,$715,88,$48,$99,2.06,$385,$44,Immediate,$13,Immediate,$0,$0,$0,,,,,,,,,,,,,,,,,,,,,,,,,,,,,,,,,,,,,,,,,
54,305 Stonemill Rd,997,780,812,190,1760,5,22,2,5,95%,13,0.59,407,22,20.5,18,14,4368,1,1,0,1,0,0,6,3,3,24,53.53645743,78,111262,7585,46,15,5,10,97.4%,0.70,9,24,18.9,26,22,283,67,91,463,$278,11,141,33,46,231,$25,$303,$15,"$1,137",$78,$185,"$1,056",$6,$44,"$5,700",$131,$60,"$5,460",$91,11,$6.6,"$1,200.00",183,116,$13,"$2,300",181,$152,$128,$24,$949,40,$43,74,$8,$715,88,$43,$89,2.06,$398,$44,Immediate,$13,Immediate,$0,$0,$0,,,,,,,,,,,,,,,,,,,,,,,,,,,,,,,,,,,,,,,,,
55,307 Stonemill Rd,1832,840,880,166,1934,5,18,2,5,92%,15,0.63,407,22,20.5,24,14,4368,0,1,0,1,0,72,5,4,4,37,118.8202159,156,112388,4950,46,15,5,10,97.4%,0.70,9,24,18.9,26,37,325,61,103,525,$315,10,88,16,28,142,$16,$331,$23,"$1,232",$53,$204,"$1,160",$6,$38,"$4,980",$130,$65,"$5,880",$91,29,$17.1,"$1,200.00",70,60,$7,"$2,300",348,$143,$128,$14,$949,67,$38,74,$8,$715,88,$58,$119,2.06,$434,$0,Immediate,$13,Immediate,$0,$0,$0,,,,,,,,,,,,,,,,,,,,,,,,,,,,,,,,,,,,,,,,,
56,308 Stonemill Rd,1190,612,728,83,1447,5,18,2,14,80%,11.3,0.55,407,22,20.5,14,14,4368,1,0,0,1,27,0,5,9,9,51,77.1527444,127,63348,5349,46,15,5,10,97.4%,0.70,9,24,18.9,26,20,6,20,48,94,$57,12,4,12,29,56,$6,$63,$13,"$1,019",$77,$4,$868,$204,$13,"$2,490",$190,$32,"$4,284",$133,17,$10.1,"$1,200.00",119,32,$4,"$2,300",655,$163,$128,$35,$949,27,$49,74,$8,$715,88,$34,$69,2.06,$153,$47,Immediate,$13,Immediate,$0,$0,$0,,,,,,,,,,,,,,,,,,,,,,,,,,,,,,,,,,,,,,,,,
57,309 Stonemill Rd,1568,840,832,140,1960,5,18,2,5,80%,0,0.59,407,22,20.5,20,14,4368,1,0,0,1,0,0,5,1,1,53,37.08357479,90,70185,135307,46,15,5,10,97.4%,0.70,9,24,18.9,0,25,236,37,74,372,$223,0,0,0,0,0,$0,$223,$15,"$1,165",$77,$142,"$1,176",$8,$22,"$4,200",$190,$44,"$5,880",$133,66,$39.9,"$1,200.00",30,0,$0,$0,0,$152,$128,$24,$949,40,$64,74,$8,$715,88,$48,$99,2.06,$343,$44,Immediate,$13,Immediate,$0,$0,$0,,,,,,,,,,,,,,,,,,,,,,,,,,,,,,,,,,,,,,,,,
58,313 Stonemill Rd,1512,624,660,169,1391,5,32,2,14,92%,10,0.56,469,16,16.78,28,14,4368,1,0,0,1,0,0,5,5,5,86,55.71728079,140,53150,5376,46,15,5,10,97.4%,0.70,9,24,18.9,26,4,4,29,36,74,$44,3,4,27,34,68,$8,$52,$3,$924,$355,$3,$835,$265,$21,"$5,070",$246,$25,"$4,368",$173,4,$2.4,"$1,200.00",491,42,$5,"$2,300",497,$161,$128,$32,$949,30,$39,117,$13,$715,56,$67,$138,2.06,$171,$46,Immediate,$15,Immediate,$0,$0,$0,,,,,,,,,,,,,,,,,,,,,,,,,,,,,,,,,,,,,,,,,
59,315 Stonemill Rd,1698,No basement,1698,145,1925,5,38,2,14,94%,15,0.58,587,20,26.4,20,14,4368,0,1,0,1,0,0,6,11,20,64,121.2667085,185,238882,135307,46,15,5,10,97.4%,0.70,9,24,18.9,26,19,27,110,0,156,$94,67,97,392,0,556,$61,$155,$19,"$2,377",$128,$27,"$1,155",$43,$109,"$4,350",$40,$0,$0,$0,5,$3.2,"$1,200.00",377,235,$26,"$2,300",89,$155,$128,$27,$949,36,$56,216,$24,$715,30,$48,$99,2.06,$282,$0,Immediate,$19,Immediate,$0,$0,$0,,,,,,,,,,,,,,,,,,,,,,,,,,,,,,,,,,,,,,,,,
60,317 Stonemill Rd,1698,No basement,1698,116,1954,5,38,2,14,94%,15,0.58,469,16,16.78,20,14,4368,0,0,0,1,0,0,5,8,11,0,0,0,145077,24993,46,15,5,10,97.4%,0.70,9,24,18.9,26,11,17,54,0,82,$49,12,18,58,0,88,$10,$59,$8,"$2,377",$291,$12,"$1,172",$97,$39,"$3,480",$90,$0,$0,$0,3,$1.7,"$1,200.00",722,37,$4,"$2,300",559,$155,$128,$27,$949,36,$32,117,$13,$715,56,$48,$99,2.06,$152,$0,Immediate,$15,Immediate,$0,$0,$0,,,,,,,,,,,,,,,,,,,,,,,,,,,,,,,,,,,,,,,,,
61,319 Stonemill Rd,1698,No basement,1698,130,1940,5,38,2,14,94%,15,0.59,469,16,16.78,20,14,4368,0,1,0,1,0,0,5,10,10,45,92.05564239,138,111540,43116,46,15,5,10,97.4%,0.70,9,24,18.9,26,9,13,46,0,68,$41,21,31,112,0,164,$18,$59,$8,"$2,377",$314,$11,"$1,164",$105,$40,"$3,900",$97,$0,$0,$0,2,$1.4,"$1,200.00",871,70,$8,"$2,300",301,$152,$128,$24,$949,40,$33,117,$13,$715,56,$48,$99,2.06,$153,$0,Immediate,$15,Immediate,$0,$0,$0,,,,,,,,,,,,,,,,,,,,,,,,,,,,,,,,,,,,,,,,,
62,321 Stonemill Rd,1698,No basement,1698,101,1969,5,38,2,14,94%,13,0.58,469,16,16.78,20,14,4368,1,0,0,1,0,0,5,9,10,0,0,0,145077,24993,46,15,5,10,97.4%,0.70,9,24,18.9,26,11,17,47,0,75,$45,14,21,58,0,94,$10,$55,$8,"$2,377",$284,$12,"$1,181",$95,$34,"$3,030",$88,$0,$0,$0,3,$1.5,"$1,200.00",787,47,$5,"$2,300",447,$155,$128,$27,$949,36,$33,117,$13,$715,56,$48,$99,2.06,$149,$45,Immediate,$15,Immediate,$0,$0,$0,,,,,,,,,,,,,,,,,,,,,,,,,,,,,,,,,,,,,,,,,
63,323 Stonemill Rd,1698,No basement,1698,128,1942,5,38,2,14,94%,13,0.58,469,16,16.78,20,14,4368,1,1,0,1,0,0,5,13,13,79,86.0248232,163,58107,59475,46,15,5,10,97.4%,0.70,9,24,18.9,26,5,7,24,0,35,$21,34,50,176,0,259,$28,$49,$6,"$2,377",$369,$9,"$1,165",$123,$34,"$3,840",$114,$0,$0,$0,1,$0.7,"$1,200.00",1689,129,$14,"$2,300",161,$155,$128,$27,$949,36,$42,117,$13,$715,56,$48,$99,2.06,$152,$45,Immediate,$15,Immediate,$0,$0,$0,,,,,,,,,,,,,,,,,,,,,,,,,,,,,,,,,,,,,,,,,
64,320 Stonemill Rd,1096,936,1096,106,1142,5,13,2,5,95%,0,0.59,407,22,20.5,14,14,4368,1,0,0,1,27,0,5,4,4,38,48.45400363,85,64254,40300,46,15,5,10,97.4%,0.70,9,24,18.9,0,42,106,21,63,233,$140,0,0,0,0,0,$0,$140,$25,"$1,534",$60,$64,$685,$11,$13,"$3,180",$247,$38,"$6,552",$173,6,$3.3,"$1,200.00",363,0,$0,$0,0,$152,$128,$24,$949,40,$27,74,$8,$715,88,$34,$69,2.06,$209,$44,Immediate,$13,Immediate,$0,$0,$0,,,,,,,,,,,,,,,,,,,,,,,,,,,,,,,,,,,,,,,,,
65,324 Stonemill Rd,1115,No basement,973,218,1582,5,35,2,14,95%,13,0.7,600,12,16.8,26,14,4368,1,0,0,1,27,0,6,5,5,46,98.08555609,145,102146,15284,46,15,5,10,97.4%,0.70,9,24,18.9,26,7,9,70,0,87,$52,7,10,77,0,95,$10,$62,$5,"$1,362",$276,$7,$949,$139,$51,"$6,540",$129,$0,$0,$0,2,$1.3,"$1,200.00",937,47,$5,"$2,300",441,$128,$128,$0,$949,0,$6,245,$27,$715,27,$62,$128,2.06,$158,$37,Immediate,$19,Immediate,$0,$0,$0,,,,,,,,,,,,,,,,,,,,,,,,,,,,,,,,,,,,,,,,,
66,328 Stonemill Rd,1115,No basement,973,205,1595,5,35,2,14,95%,13,0.7,600,12,16.8,26,14,4368,1,1,0,1,27,0,6,11,11,40,62.82583186,101,64823,4246,46,15,5,10,97.4%,0.70,9,24,18.9,26,4,6,42,0,52,$31,2,3,20,0,25,$3,$34,$3,"$1,362",$480,$4,$957,$242,$27,"$6,150",$225,$0,$0,$0,1,$0.8,"$1,200.00",1549,13,$1,"$2,300",1668,$128,$128,$0,$949,0,$2,245,$27,$715,27,$62,$128,2.06,$126,$37,Immediate,$19,Immediate,$0,$0,$0,,,,,,,,,,,,,,,,,,,,,,,,,,,,,,,,,,,,,,,,,
67,333 Stonemill Rd,2773,1416,2640,292,3248,5,40,2,14,93%,16,0.95,407,22,16.8,80,14,4368,1,0,0,1,0,0,12,1,1,53,51.80808012,104,62542,135307,46,15,5,10,97.4%,0.95,9,24,18.9,26,6,12,59,95,172,$103,72,153,741,1197.5,2163,$238,$341,$11,"$3,696",$327,$24,"$1,949",$81,$117,"$8,760",$75,$189,"$9,912",$52,8,$4.7,"$1,200.00",257,832,$92,"$2,300",25,$95,$95,$0,$949,0,$96,13,$1,$715,506,$192,$395,2.06,$631,$27,Immediate,$13,Immediate,$0,$0,$0,,,,,,,,,,,,,,,,,,,,,,,,,,,,,,,,,,,,,,,,,
68,336  Stonemill Rd,768,768,768,70,954,5,6,2,14,78%,0,0.56,469,16,16.78,10,14,4368,1,0,1,1,0,0,2,2,2,17,100.4510088,118,126190,109063,46,15,5,10,97.4%,0.70,9,24,18.9,0,165,9,34,124,332,$199,0,0,0,0.0,0,$0,$199,$99,"$1,075",$11,$5,$572,$111,$20,"$2,100",$103,$75,"$5,376",$72,66,$39.7,"$1,200.00",30,0,$0,$0,0,$161,$128,$32,$949,30,$72,117,$13,$715,56,$24,$49,2.06,$308,$46,Immediate,$15,Immediate,$0,$0,$0,,,,,,,,,,,,,,,,,,,,,,,,,,,,,,,,,,,,,,,,,
69,337 Stonemill Rd,1460,660,910,153,1497,5,18,2,5,95%,13,0.59,469,16,16.78,12,14,4368,0,1,0,1,0,72,5,7,7,2,209.2382361,211,226782,2921,46,15,5,10,97.4%,0.70,9,24,18.9,26,75,491,109,157,833,$500,7,46,10,14.8,78,$9,$508,$46,"$1,274",$28,$300,$898,$3,$67,"$4,590",$69,$96,"$4,620",$48,20,$11.8,"$1,200.00",102,39,$4,"$2,300",533,$152,$128,$24,$949,40,$40,117,$13,$715,56,$29,$59,2.06,$590,$0,Immediate,$15,Immediate,$0,$0,$0,,,,,,,,,,,,,,,,,,,,,,,,,,,,,,,,,,,,,,,,,
70,338 Stonemill Rd,978,888,978,80,1104,5,6,2,13,95%,13,0.59,407,22,20.5,10,14,4368,0,0,0,1,0,0,2,9,9,59,80.83796006,138,59215,135307,46,15,5,10,97.4%,0.70,9,24,18.9,26,81,8,15,55,160,$96,1355,139,250,924.2,2668,$293,$389,$198,"$1,369",$7,$20,$662,$33,$36,"$2,400",$66,$135,"$6,216",$46,4,$2.3,"$1,200.00",531,1334,$147,"$2,300",16,$152,$128,$24,$949,40,$173,74,$8,$715,88,$24,$49,2.06,$594,$0,Immediate,$13,Immediate,$0,$0,$0,,,,,,,,,,,,,,,,,,,,,,,,,,,,,,,,,,,,,,,,,
71,339 Stonemill Rd,1460,888,910,136,1048,5,6,2,14,78%,13,0.55,600,12,16.8,14,14,4368,0,1,0,1,0,0,5,6,6,30,50.35386006,79,62807,135307,46,15,5,10,97.4%,0.70,9,24,18.9,26,98,5,33,72,207,$124,1261,61,425,924.2,2671,$294,$418,$197,"$1,274",$6,$10,$629,$66,$66,"$4,080",$61,$145,"$6,216",$43,41,$24.7,"$1,200.00",49,1335,$147,"$2,300",16,$163,$128,$35,$949,27,$207,245,$27,$715,27,$34,$69,2.06,$685,$0,Immediate,$19,Immediate,$0,$0,$0,,,,,,,,,,,,,,,,,,,,,,,,,,,,,,,,,,,,,,,,,
72,340 Stonemill Rd,1784,996,1504,131,2359,5,22,2,5,78%,11.3,0.55,407,22,20.5,34,14,4368,1,1,1,0,0,0,6,7,7,31,101.8259492,134,206476,6412,46,15,5,10,97.4%,0.70,9,24,18.9,26,94,859,104,264,1320,$792,20,184,22,56.5,283,$31,$823,$58,"$2,106",$36,$535,"$1,415",$3,$65,"$3,930",$61,$164,"$6,972",$42,263,$157.7,"$1,200.00",8,160,$18,"$2,300",131,$163,$128,$35,$949,27,$210,74,$8,$715,88,$82,$168,2.06,"$1,123",$47,Immediate,$0,Immediate,$0,$0,$0,,,,,,,,,,,,,,,,,,,,,,,,,,,,,,,,,,,,,,,,,
73,341 Stonemill Rd,1152,804,944,112,1898,5,26,2,5,80%,11.3,0.59,469,16,16.78,16,14,4368,1,1,0,1,0,0,5,6,6,9,110.3707814,122,150994,7044,46,15,5,10,97.4%,0.70,9,24,18.9,26,30,493,63,152,738,$443,10,163,21,50.1,244,$27,$470,$19,"$1,322",$68,$313,"$1,139",$4,$40,"$3,360",$83,$97,"$5,628",$58,132,$79.1,"$1,200.00",15,138,$15,"$2,300",152,$152,$128,$24,$949,40,$118,117,$13,$715,56,$38,$79,2.06,$639,$44,Immediate,$15,Immediate,$0,$0,$0,,,,,,,,,,,,,,,,,,,,,,,,,,,,,,,,,,,,,,,,,
74,403 Stonemill Rd,1632,828,1040,166,1904,5,18,2,5,81%,0,0.56,600,22,20.5,20,14,4368,0,0,0,1,0,144,5,5,10,35,22.86584478,57,58090,14058,46,15,5,10,97.4%,0.70,9,24,18.9,0,26,188,36,60,310,$186,0,0,0,0,0,$0,$186,$15,"$1,456",$94,$113,"$1,142",$10,$22,"$4,980",$232,$36,"$5,796",$162,53,$31.9,"$1,200.00",38,0,$0,$0,0,$161,$128,$32,$949,30,$64,74,$8,$715,88,$48,$99,2.06,$306,$0,Immediate,$19,Immediate,$0,$0,$0,,,,,,,,,,,,,,,,,,,,,,,,,,,,,,,,,,,,,,,,,
75,406 Stonemill Rd,1144,672,1144,100,1580,5,32,2,14,78%,0,0.86,479,17,18.2,20,14,4368,1,0,0,1,0,144,6,1,1,131,101.4324049,231,62996,135307,46,15,5,10,97.4%,0.86,9,24,18.9,0,9,7,24,54,95,$57,0,0,0,0,0,$0,$57,$5,"$1,602",$297,$4,$948,$222,$15,"$3,000",$206,$33,"$4,704",$144,19,$11.3,"$1,200.00",106,0,$0,$0,0,$105,$105,$0,$949,0,$11,125,$14,$715,52,$48,$99,2.06,$130,$30,Immediate,$15,Immediate,$0,$0,$0,,,,,,,,,,,,,,,,,,,,,,,,,,,,,,,,,,,,,,,,,
76,408 Stonemill Rd,1144,708,1144,165,1605,5,32,2,14,92%,13,0.59,479,17,18.2,24,14,4368,1,0,0,1,0,72,5,1,1,0,0,0,145077,24993,46,15,5,10,97.4%,0.70,9,24,18.9,26,18,14,78,112,221,$133,21,17,95,136.1,270,$30,$163,$13,"$1,602",$124,$10,$963,$93,$57,"$4,950",$86,$82,"$4,956",$60,12,$7.4,"$1,200.00",163,135,$15,"$2,300",155,$152,$128,$24,$949,40,$46,125,$14,$715,52,$58,$119,2.06,$280,$44,Immediate,$15,Immediate,$0,$0,$0,,,,,,,,,,,,,,,,,,,,,,,,,,,,,,,,,,,,,,,,,
77,410 Stonemill Rd,1144,708,1144,165,1605,5,32,2,14,92%,10,0.59,479,17,18.2,24,14,4368,1,0,0,1,0,72,5,1,1,0,0,0,145077,24993,46,15,5,10,97.4%,0.70,9,24,18.9,26,18,14,78,112,221,$133,28,22,124,177.0,351,$39,$171,$14,"$1,602",$118,$11,$963,$88,$60,"$4,950",$82,$86,"$4,956",$57,12,$7.4,"$1,200.00",163,216,$24,"$2,300",97,$152,$128,$24,$949,40,$55,125,$14,$715,52,$58,$119,2.06,$298,$44,Immediate,$15,Immediate,$0,$0,$0,,,,,,,,,,,,,,,,,,,,,,,,,,,,,,,,,,,,,,,,,
78,412 Stonemill Rd,1144,708,1144,165,1605,5,32,2,14,92%,10,0.59,479,17,18.2,10,14,4368,1,1,0,1,0,144,5,1,1,0,0,0,145077,24993,46,15,5,10,97.4%,0.70,9,24,18.9,26,18,14,78,112,221,$133,28,22,124,177.0,351,$39,$171,$14,"$1,602",$118,$11,$963,$88,$60,"$4,950",$82,$86,"$4,956",$57,12,$7.4,"$1,200.00",163,216,$24,"$2,300",97,$152,$128,$24,$949,40,$55,125,$14,$715,52,$24,$49,2.06,$264,$44,Immediate,$15,Immediate,$0,$0,$0,,,,,,,,,,,,,,,,,,,,,,,,,,,,,,,,,,,,,,,,,
79,416 Stonemill Rd,1144,708,1144,173,1597,5,32,2,14,92%,10,0.59,479,17,18.2,10,14,4368,1,1,0,1,27,144,5,1,1,0,0,0,145077,24993,46,15,5,10,97.4%,0.7,9,24,18.9,26,18,14,82,112,225,$135,28,22,130,177.0,357,$39,$174,$14,"$1,602",$118,$11,$958,$88,$63,"$5,190",$82,$86,"$4,956",$57,12,$7.5,"$1,200.00",160,220,$24,"$2,300",95,$152,$128,$24,$949,40,$56,125,$14,$715,52,$24,$49,2.06,$268,$44,Immediate,$15,Immediate,$0,$0,$0,,,,,,,,,,,,,,,,,,,,,,,,,,,,,,,,,,,,,,,,,
80,7 Lawnview Avenue,956,864,956,256,896,5,13,2,5,65%,0,0.56,407,22,20.5,16,14,4368,1,0,0,1,0,0,5,5,5,47,65,111,68217,59587,46,15,5,10,0.974,0.7,9,24,18.9,0,58,129,81,91,358,$215,0,0,0,0.0,0,$0,$215,$35,"$1,338",38.79,$78,$538,6.93,$48,"$7,680",158.81,$54,"$6,048.00",111.16,119,$71.5,"$1,200.00",17,0,$0,$0,0,$161,$128,$32,$949,30,$104,74,$8,$715,88,$38,$79,2.06,$365,$46,Immediate,$13,Immediate,0,0,0,,,,,,,,,,,,,,,,,,,,,,,,,,,,,,,,,,,,,,,,,
81,12 Lawnview Avenue,880,720,764,122,838,5,15,2,5,78%,0,0.59,407,22,20.5,16,14,4368,1,0,1,1,27,0,3,10,17,0,0,0,145077,24993,46,15,5,10,0.974,0.7,9,24,18.9,0,62,214,68,134,478,$287,0,0,0,0.0,0,$0,$287,$37,"$1,070",28.85,$129,$503,3.91,$41,"$3,660",89.61,$80,"$5,040.00",62.73,95,$57.1,"$1,200.00",21,0,$0,$0,0,$152,$128,$24,$949,40,$81,74,$8,$715,88,$38,$79,2.06,$415,$44,Immediate,$13,Immediate,0,0,0,,,,,,,,,,,,,,,,,,,,,,,,,,,,,,,,,,,,,,,,,
82,14 Lawnview Avenue,1334,780,600,168,1782,5,22,2,5,95%,10,0.83,407,22,20.5,16,14,4368,1,0,0,1,0,0,4,8,19,0,0,0,145077,24993,46,15,5,10,0.974,0.96,9,24,18.9,26,22,374,77,119,591,$355,35,612,126,194.9,969,$107,$461,$17,$840,50.06,$292,"$1,069",3.67,$60,"$5,040",84.02,$93,"$5,460.00",58.81,14,$8.4,"$1,200.00",143,596,$66,"$2,300",35,$108,$94,$15,$949,65,$89,74,$8,$715,88,$38,$79,2.06,$596,$31,Immediate,$13,Immediate,0,0,0,,,,,,,,,,,,,,,,,,,,,,,,,,,,,,,,,,,,,,,,,
83,16 Lawnview Avenue,1334,564,600,173,1237,5,24,2,5,90%,0,0.83,407,22,20.5,16,14,4368,0,0,0,1,27,12,5,8,14,31,22,53,68802,2966,46,15,5,10,0.974,0.96,9,24,18.9,0,9,130,40,43,222,$133,0,0,0,0.0,0,$0,$133,$5,$840,153.48,$78,$742,9.51,$24,"$5,190",218.02,$26,"$3,948.00",152.61,17,$10.1,"$1,200.00",119,0,$0,$0,0,$108,$94,$15,$949,65,$25,74,$8,$715,88,$38,$79,2.06,$205,$0,Immediate,$13,Immediate,0,0,0,,,,,,,,,,,,,,,,,,,,,,,,,,,,,,,,,,,,,,,,,
84,104 Lawnview Avenue,1144,576,572,159,1281,5,20,2,5,95%,16,0.59,407,22,20.5,18,14,4368,1,0,0,1,0,0,6,6,6,131,102,231,60623,5168,46,15,5,10,0.974,0.7,9,24,18.9,26,10,112,30,37,190,$114,5,57,15,18.6,96,$11,$125,$7,$801,118.74,$74,$769,10.43,$20,"$4,770",239.00,$24,"$4,032.00",167.30,5,$2.8,"$1,200.00",427,37,$4,"$2,300",566,$152,$128,$24,$949,40,$31,74,$8,$715,88,$43,$89,2.06,$207,$44,Immediate,$13,Immediate,0,0,0,,,,,,,,,,,,,,,,,,,,,,,,,,,,,,,,,,,,,,,,,
85,106 Lawnview Avenue,1708,744,900,200,1660,5,18,2,5,95%,10,0.63,407,22,20.5,20,14,4368,1,1,0,0,27,0,5,5,5,1,100,101,218253,862,46,15,5,10,0.974,0.7,9,24,18.9,26,71,524,138,171,904,$543,3,20,5,6.4,34,$4,$546,$43,"$1,260",29.24,$317,$996,3.14,$83,"$6,000",72.05,$103,"$5,208.00",50.44,22,$13.4,"$1,200.00",90,21,$2,"$2,300",1001,$143,$128,$14,$949,67,$30,74,$8,$715,88,$48,$99,2.06,$633,$41,Immediate,$0,Immediate,0,0,0,,,,,,,,,,,,,,,,,,,,,,,,,,,,,,,,,,,,,,,,,
86,108 Lawnview Avenue,1240,672,668,187,1493,5,13,2,4,95%,16,0.83,407,22,20.5,20,14,4368,0,1,0,1,27,0,5,55,55,212,1025,1257,184241,40301,46,15,5,10,0.974,0.96,9,24,18.9,26,74,550,109,130,863,$518,96,714,141,169.3,1121,$123,$641,$55,$935,16.95,$408,$896,2.19,$81,"$5,610",69.41,$97,"$4,704.00",48.59,21,$12.8,"$1,200.00",94,431,$47,"$2,300",48,$108,$94,$15,$949,65,$75,74,$8,$715,88,$48,$99,2.06,$772,$0,Immediate,$13,Immediate,0,0,0,,,,,,,,,,,,,,,,,,,,,,,,,,,,,,,,,,,,,,,,,
87,110 Lawnview Avenue,1277,660,572,153,1497,5,6,2,5,95%,0,0.63,600,12,18,20,14,4368,1,0,0,1,0,0,6,55,55,191,1052,1249,108873,135307,46,15,5,10,0.974,0.7,9,24,18.9,0,87,236,53,76,451,$271,0,0,0,0.0,0,$0,$271,$52,$801,15.30,$142,$898,6.35,$32,"$4,590",145.43,$45,"$4,620.00",101.80,11,$6.7,"$1,200.00",180,0,$0,$0,0,$143,$128,$14,$949,67,$21,282,$31,$715,23,$48,$99,2.06,$371,$41,Immediate,$19,Immediate,0,0,0,,,,,,,,,,,,,,,,,,,,,,,,,,,,,,,,,,,,,,,,,
88,112 Lawnview Avenue,1336,720,764,123,1677,5,13,2,5,78%,13,0.8,407,22,20.5,18,14,4368,0,0,0,0,27,0,2,8,8,944,1312,2268,96686,135307,46,15,5,10,0.974,0.96,9,24,18.9,26,54,286,46,89,475,$285,456,2400,384,749.4,3989,$439,$724,$83,"$1,070",12.93,$436,"$1,006",2.31,$70,"$3,690",52.95,$136,"$5,040.00",37.06,95,$56.8,"$1,200.00",21,1995,$219,"$2,300",10,$112,$94,$19,$949,51,$295,74,$8,$715,88,$43,$89,2.06,"$1,070",$0,Immediate,$0,Immediate,0,0,0,,,,,,,,,,,,,,,,,,,,,,,,,,,,,,,,,,,,,,,,,
89,114 Lawnview Avenue,1286,732,714,163,1667,5,22,2,14,70%,0,0.6,407,22,20.5,22,14,4368,0,0,1,1,0,0,5,6,6,21,99,121,181192,606,46,15,5,10,0.974,0.7,9,24,18.9,0,43,24,127,189,384,$230,0,0,0,0.0,0,$0,$230,$26,"$1,000",38.37,$14,"$1,000",69.30,$76,"$4,890",64.39,$114,"$5,124.00",45.07,108,$64.7,"$1,200.00",19,0,$0,$0,0,$150,$128,$21,$949,44,$86,74,$8,$715,88,$53,$109,2.06,$377,$0,Immediate,$13,Immediate,0,0,0,,,,,,,,,,,,,,,,,,,,,,,,,,,,,,,,,,,,,,,,,
90,116 Lawnview Avenue,1304,696,732,184,1556,5,13,2,5,95%,14.5,0.83,461,16,16.5,20,14,4368,0,0,1,1,0,0,5,4,4,53,100,153,100764,7370,46,15,5,10,0.974,0.96,9,24,18.9,26,45,227,59,74,404,$242,21,109,28,35.4,194,$21,$264,$29,"$1,025",35.28,$148,$934,6.30,$38,"$5,520",144.44,$48,"$4,872.00",101.11,10,$6.0,"$1,200.00",201,86,$9,"$2,300",244,$108,$94,$15,$949,65,$30,111,$12,$715,59,$48,$99,2.06,$354,$0,Immediate,$15,Immediate,0,0,0,,,,,,,,,,,,,,,,,,,,,,,,,,,,,,,,,,,,,,,,,
91,118 Lawnview Avenue,1270,720,698,140,1660,5,13,2,5,95%,13,0.8,407,22,20.5,18,14,4368,0,0,0,1,27,0,6,10,18,59,40,99,67551,2918,46,15,5,10,0.974,0.96,9,24,18.9,26,28,162,30,51,272,$163,9,51,9,16.2,86,$9,$173,$18,$977,54.12,$103,$996,9.67,$19,"$4,200",221.57,$32,"$5,040.00",155.10,7,$4.0,"$1,200.00",299,43,$5,"$2,300",487,$112,$94,$19,$949,51,$27,74,$8,$715,88,$43,$89,2.06,$251,$0,Immediate,$13,Immediate,0,0,0,,,,,,,,,,,,,,,,,,,,,,,,,,,,,,,,,,,,,,,,,
92,120 Lawnview Avenue,1336,720,764,189,1611,5,10,2,5,70%,0,0.63,509,18,20.5,18,14,4368,0,0,0,0,27,0,6,8,8,40,37,77,70706,6228,46,15,5,10,0.974,0.7,9,24,18.9,0,63,224,57,73,416,$250,0,0,0,0.0,0,$0,$250,$38,"$1,070",28.41,$134,$967,7.20,$34,"$5,670",165.00,$44,"$5,040.00",115.50,117,$70.3,"$1,200.00",17,0,$0,$0,0,$143,$128,$14,$949,67,$85,150,$16,$715,43,$43,$89,2.06,$394,$0,Immediate,$0,Immediate,0,0,0,,,,,,,,,,,,,,,,,,,,,,,,,,,,,,,,,,,,,,,,,
93,202 Lawnview Avenue,1179,576,607,168,1272,5,10,2,5,95%,10,0.63,479,19,20.5,16,14,4368,0,0,0,1,27,0,5,8,10,38,34,72,104222,1427,46,15,5,10,0.974,0.7,9,24,18.9,26,54,192,55,63,365,$219,7,25,7,8.2,47,$5,$224,$33,$850,25.55,$118,$763,6.47,$34,"$5,040",148.38,$39,"$4,032.00",103.87,9,$5.4,"$1,200.00",223,29,$3,"$2,300",717,$143,$128,$14,$949,67,$23,128,$14,$715,51,$38,$79,2.06,$299,$0,Immediate,$15,Immediate,0,0,0,,,,,,,,,,,,,,,,,,,,,,,,,,,,,,,,,,,,,,,,,
94,204 Lawnview Avenue,1228,660,656,142,1508,5,6,2,5,95%,10,0.63,407,22,20.5,14,14,4368,0,0,0,1,0,0,5,8,8,35,36,70,58571,135307,46,15,5,10,0.974,0.7,9,24,18.9,26,54,128,26,41,249,$149,1182,2806,576,893.0,5457,$600,$749,$162,$918,5.66,$385,$905,2.35,$79,"$4,260",53.81,$123,"$4,620.00",37.67,6,$3.7,"$1,200.00",326,3358,$369,"$2,300",6,$143,$128,$14,$949,67,$387,74,$8,$715,88,$34,$69,2.06,"$1,179",$0,Immediate,$13,Immediate,0,0,0,,,,,,,,,,,,,,,,,,,,,,,,,,,,,,,,,,,,,,,,,
95,210 Lawnview Avenue,1124,720,656,104,1696,5,10,2,5,92%,0,0.6,407,22,20.5,8,14,4368,0,0,0,0,0,16,3,7,7,30,37,67,105527,5513,46,15,5,10,0.974,0.7,9,24,18.9,0,61,267,36,83,447,$268,0,0,0,0.0,0,$0,$268,$37,$918,25.02,$160,"$1,018",6.34,$21,"$3,120",145.30,$50,"$5,040.00",101.71,25,$14.9,"$1,200.00",81,0,$0,$0,0,$150,$128,$21,$949,44,$36,74,$8,$715,88,$19,$40,2.06,$332,$0,Immediate,$0,Immediate,0,0,0,,,,,,,,,,,,,,,,,,,,,,,,,,,,,,,,,,,,,,,,,
96,214  Kierfaber St ,1238,744,688,164,1696,5,18,2,5,80%,0,0.59,407,22,20.5,16,14,4368,1,0,0,1,27,0,6,52,52,287,588.9227131,881,100023,135307,46,15,5,10,97.4%,0.7,9,24,18.9,0,30,292,62,93,476,$285,0,0,0,0.0,0,$0,$285,$18,$963,54.10,$175,"$1,018",5.82,$37,"$4,920",133.30,$56,"$5,208.00",93.31,85,$51.0,"$1,200.00",24,0,$0,$0,0,$152,$128,$24,$949,40,$75,74,$8,$715,88,$38,$79,2.06,$407,$44,Immediate,$13,Immediate,0,0,0,,,,,,,,,,,,,,,,,,,,,,,,,,,,,,,,,,,,,,,,,
97,215 Kierfaber St ,1600,744,800,137,1723,5,18,2,5,78%,0,0.59,430,21,20.43,22,14,4368,1,0,1,1,27,0,4,40,40,764,726.3155758,1479,65952,3351,46,15,5,10,97.4%,0.7,9,24,18.9,0,23,200,35,63,321,$193,0,0,0,0.0,0,$0,$193,$14,"$1,120",79.99,$120,"$1,034",8.60,$21,"$4,110",197.11,$38,"$5,208.00",137.98,64,$38.4,"$1,200.00",31,0,$0,$0,0,$152,$128,$24,$949,40,$62,89,$10,$715,73,$53,$109,2.06,$318,$44,Immediate,$14,Immediate,0,0,0,,,,,,,,,,,,,,,,,,,,,,,,,,,,,,,,,,,,,,,,,
98,216 Kierfaber St ,1219,684,635,172,1538,5,18,2,4,95%,13,0.59,407,22,20.5,20,14,4368,1,1,0,1,27,0,4,6,6,56,63.51009356,118,59757,14058,46,15,5,10,97.4%,0.7,9,24,18.9,26,14,184,32,43,273,$164,24,316,56,74.0,469,$52,$215,$11,$889,81.83,$145,$923,6.37,$26,"$5,160",201.63,$34,"$4,788.00",141.14,6,$3.9,"$1,200.00",311,235,$26,"$2,300",89,$152,$128,$24,$949,40,$54,74,$8,$715,88,$48,$99,2.06,$325,$44,Immediate,$13,Immediate,0,0,0,,,,,,,,,,,,,,,,,,,,,,,,,,,,,,,,,,,,,,,,,
99,217 Kierfaber St ,1632,792,816,195,1785,5,18,2,4,95%,13,0.56,461,16,16.5,20,14,4368,1,1,0,1,0,0,6,6,6,42,58.5075576,101,98925,14058,46,15,5,10,97.4%,0.7,9,24,18.9,26,29,353,61,82,526,$315,30,367,63,85.6,546,$60,$375,$21,"$1,142",54.57,$252,"$1,071",4.25,$44,"$5,850",134.46,$59,"$5,544.00",94.12,13,$7.8,"$1,200.00",154,273,$30,"$2,300",77,$161,$128,$32,$949,30,$70,111,$12,$715,59,$48,$99,2.06,$506,$46,Immediate,$15,Immediate,0,0,0,,,,,,,,,,,,,,,,,,,,,,,,,,,,,,,,,,,,,,,,,
100,218 Kierfaber St,1456,672,728,230,1450,5,18,2,4,95%,10,0.59,461,16,16.5,20,14,4368,1,1,0,1,0,0,6,6,6,29,79.89946827,110,103264,135307,46,15,5,10,97.4%,0.7,9,24,18.9,26,27,299,75,73,475,$285,340,3725,934,909.3,5908,$650,$935,$54,"$1,019",18.96,$589,$870,1.48,$148,"$6,900",46.72,$144,"$4,704.00",32.70,12,$7.0,"$1,200.00",171,3636,$400,"$2,300",6,$152,$128,$24,$949,40,$431,111,$12,$715,59,$48,$99,2.06,"$1,426",$44,Immediate,$15,Immediate,0,0,0,,,,,,,,,,,,,,,,,,,,,,,,,,,,,,,,,,,,,,,,,
101,219 Kierfaber St ,1560,696,780,230,1740,5,18,2,5,78%,0,0.59,461,16,16.5,20,14,4368,0,0,0,0,0,0,6,5,5,82,80.63485862,161,56311,135240,46,15,5,10,97.4%,0.7,9,24,18.9,0,19,173,50,50,292,$175,0,0,0,0.0,0,$0,$175,$12,"$1,092",93.69,$104,"$1,044",10.07,$30,"$6,900",230.86,$30,"$4,872.00",161.60,58,$34.9,"$1,200.00",34,0,$0,$0,0,$152,$128,$24,$949,40,$59,111,$12,$715,59,$48,$99,2.06,$294,$0,Immediate,$0,Immediate,0,0,0,,,,,,,,,,,,,,,,,,,,,,,,,,,,,,,,,,,,,,,,,
102,221 Kierfaber St,1464,696,712,222,1518,5,22,2,4,95%,16,0.56,407,22,20.5,18,14,4368,1,1,0,1,27,0,6,8,8,27,80.61410518,108,109737,18595,46,15,5,10,97.4%,0.7,9,24,18.9,26,19,333,77,80,510,$306,19,335,77,80.9,513,$56,$362,$14,$997,72.58,$237,$911,3.85,$55,"$6,660",121.82,$57,"$4,872.00",85.27,13,$7.5,"$1,200.00",159,197,$22,"$2,300",106,$161,$128,$32,$949,30,$61,74,$8,$715,88,$43,$89,2.06,$475,$46,Immediate,$13,Immediate,0,0,0,,,,,,,,,,,,,,,,,,,,,,,,,,,,,,,,,,,,,,,,,
103,222 Kierfaber St ,812,552,528,130,606,5,20,2,4,80%,14,0.56,479,17,18.2,14,14,4368,0,0,0,0,0,0,3,8,8,16,173.792459,193,195350,52952,46,15,5,10,97.4%,0.7,9,24,18.9,26,36,281,95,135,547,$328,56,435,148,208.8,848,$93,$422,$28,$739,26.41,$216,$364,1.68,$73,"$3,900",53.16,$104,"$3,864.00",37.21,98,$58.7,"$1,200.00",20,391,$43,"$2,300",53,$161,$128,$32,$949,30,$134,125,$14,$715,52,$34,$69,2.06,$603,$0,Immediate,$0,Immediate,0,0,0,,,,,,,,,,,,,,,,,,,,,,,,,,,,,,,,,,,,,,,,,
104,224 Kierfaber St,1140,744,760,176,1684,5,18,2,4,80%,0,0.56,461,16,16.5,20,14,4368,0,0,0,1,27,0,6,5,5,45,105.5491055,151,113795,1173,46,15,5,10,97.4%,0.7,9,24,18.9,0,37,455,75,106,673,$404,0,0,0,0.0,0,$0,$404,$22,"$1,064",47.55,$273,"$1,010",3.70,$45,"$5,280",117.17,$63,"$5,208.00",82.02,120,$72.1,"$1,200.00",17,0,$0,$0,0,$161,$128,$32,$949,30,$104,111,$12,$715,59,$48,$99,2.06,$568,$0,Immediate,$15,Immediate,0,0,0,,,,,,,,,,,,,,,,,,,,,,,,,,,,,,,,,,,,,,,,,
105,225 Kierfaber St ,1482,864,928,189,1971,5,15,2,4,90%,0,0.81,407,22,20.5,18,14,4368,1,0,0,1,27,0,6,6,6,15,142.9866087,161,186314,1349,46,15,5,10,97.4%,0.96,9,24,18.9,0,84,775,117,179,1155,$693,0,0,0,0.0,0,$0,$693,$50,"$1,299",25.92,$465,"$1,183",2.54,$70,"$5,670",80.51,$107,"$6,048.00",56.36,88,$52.6,"$1,200.00",23,0,$0,$0,0,$111,$94,$17,$949,55,$70,74,$8,$715,88,$43,$89,2.06,$814,$32,Immediate,$13,Immediate,0,0,0,,,,,,,,,,,,,,,,,,,,,,,,,,,,,,,,,,,,,,,,,
106,226 Kierfaber St,1132,624,694,143,1417,5,15,2,4,85%,0,0.55,407,22,20.5,14,14,4368,1,0,0,1,27,144,6,7,12,26,113.7785711,140,219591,3872,46,15,5,10,97.4%,0.7,9,24,18.9,0,78,695,111,161,1045,$627,0,0,0,0.0,0,$0,$627,$47,$972,20.77,$417,$850,2.04,$66,"$4,290",64.51,$97,"$4,368.00",45.16,133,$79.8,"$1,200.00",15,0,$0,$0,0,$163,$128,$35,$949,27,$115,74,$8,$715,88,$34,$69,2.06,$784,$47,Immediate,$13,Immediate,0,0,0,,,,,,,,,,,,,,,,,,,,,,,,,,,,,,,,,,,,,,,,,
107,227 Kierfaber St,1120,648,560,123,1497,5,15,2,4,100%,0,0.59,407,22,20.5,22,14,4368,1,0,1,1,0,0,6,4,8,17,132.9894396,148,250609,3198,46,15,5,10,97.4%,0.7,9,24,18.9,0,61,712,92,162,1028,$617,0,0,0,0.0,0,$0,$617,$37,$784,21.41,$427,$898,2.10,$55,"$3,690",66.50,$97,"$4,536.00",46.55,-27,-$16.5,"$1,200.00",-73,0,$0,$0,0,$152,$128,$24,$949,40,$7,74,$8,$715,88,$53,$109,2.06,$685,$44,Immediate,$13,Immediate,0,0,0,,,,,,,,,,,,,,,,,,,,,,,,,,,,,,,,,,,,,,,,,
108,229 Kierfaber St ,1120,648,560,200,1420,5,13,2,4,95%,13,0.55,461,16,16.5,14,14,4368,1,1,0,1,27,0,6,6,6,53,97.20117238,150,108638,14058,46,15,5,10,97.4%,0.7,9,24,18.9,26,37,308,69,74,488,$293,35,292,65,70.1,461,$51,$343,$26,$784,30.34,$217,$852,3.92,$48,"$6,000",124.21,$52,"$4,536.00",86.95,12,$7.2,"$1,200.00",166,231,$25,"$2,300",91,$163,$128,$35,$949,27,$68,111,$12,$715,59,$34,$69,2.06,$457,$47,Immediate,$15,Immediate,0,0,0,,,,,,,,,,,,,,,,,,,,,,,,,,,,,,,,,,,,,,,,,
109,230 Kierfaber St ,1152,1152,1392,154,2726,5,6,2,4,60%,0,0.56,407,22,20.5,16,14,4368,1,0,0,1,72,0,5,6,6,117,92.11230625,211,88385,5244,46,15,5,10,97.4%,0.7,9,24,18.9,0,273,762,68,170,1273,$764,0,0,0,0.0,0,$0,$764,$164,"$1,949",11.90,$457,"$1,636",3.58,$41,"$4,620",113.14,$102,"$8,064.00",79.20,489,$293.3,"$1,200.00",4,0,$0,$0,0,$161,$128,$32,$949,30,$325,74,$8,$715,88,$38,$79,2.06,"$1,136",$46,Immediate,$13,Immediate,0,0,0,,,,,,,,,,,,,,,,,,,,,,,,,,,,,,,,,,,,,,,,,
110,233 Kierfaber St ,1720,840,860,281,1819,5,6,2,4,80%,0,0.59,407,22,20.5,18,14,4368,1,0,0,1,0,84,5,3,6,63,51.9195802,114,70869,5543,46,15,5,10,97.4%,0.7,9,24,18.9,0,101,306,75,74,556,$334,0,0,0,0.0,0,$0,$334,$61,"$1,204",19.79,$184,"$1,091",5.94,$45,"$8,430",188.14,$45,"$5,880.00",131.70,99,$59.6,"$1,200.00",20,0,$0,$0,0,$152,$128,$24,$949,40,$84,74,$8,$715,88,$43,$89,2.06,$469,$44,Immediate,$13,Immediate,0,0,0,,,,,,,,,,,,,,,,,,,,,,,,,,,,,,,,,,,,,,,,,
111,236 Kierfaber St ,1356,768,838,258,1662,5,6,2,4,80%,0,0.55,479,17,18.2,20,14,4368,1,0,0,1,0,0,6,4,4,41,122.8542442,165,104346,7463,46,15,5,10,97.4%,0.7,9,24,18.9,0,145,412,101,100,758,$455,0,0,0,0.0,0,$0,$455,$87,"$1,173",13.44,$247,$997,4.04,$61,"$7,740",127.78,$60,"$5,376.00",89.45,135,$81.3,"$1,200.00",15,0,$0,$0,0,$163,$128,$35,$949,27,$116,125,$14,$715,52,$48,$99,2.06,$633,$47,Immediate,$15,Immediate,0,0,0,,,,,,,,,,,,,,,,,,,,,,,,,,,,,,,,,,,,,,,,,
112,239 Kierfaber St ,2050,888,1138,247,1973,5,20,2,5,95%,10,0.63,630,13,18.5,22,14,4368,1,1,0,1,0,128,5,5,5,13,54.79591994,68,116844,7840,46,15,5,10,97.4%,0.7,9,24,18.9,26,39,334,91,109,573,$344,25,213,58,69.6,366,$40,$384,$26,"$1,593",60.28,$224,"$1,184",5.29,$61,"$7,410",121.33,$73,"$6,216.00",84.93,14,$8.5,"$1,200.00",142,225,$25,"$2,300",93,$143,$128,$14,$949,67,$47,254,$28,$715,26,$53,$109,2.06,$513,$41,Immediate,$20,Immediate,0,0,0,,,,,,,,,,,,,,,,,,,,,,,,,,,,,,,,,,,,,,,,,
113,240 Kierfaber St ,1288,756,812,184,1706,5,13,2,5,95%,14,0.65,461,16,16.5,28,14,4368,1,1,0,1,0,0,5,5,5,22,47.70435919,71,170011,2560,46,15,5,10,97.4%,0.7,9,24,18.9,26,83,420,99,135,737,$442,9,43,10,13.8,75,$8,$451,$51,"$1,137",22.33,$257,"$1,024",3.99,$60,"$5,520",91.42,$83,"$5,292.00",63.99,18,$10.9,"$1,200.00",110,35,$4,"$2,300",601,$138,$128,$10,$949,96,$25,111,$12,$715,59,$67,$138,2.06,$555,$40,Immediate,$15,Immediate,0,0,0,,,,,,,,,,,,,,,,,,,,,,,,,,,,,,,,,,,,,,,,,
114,305 Kierfaber St ,1848,792,957,192,1788,5,22,2,5,95%,13,0.62,407,22,20.5,22,14,4368,1,1,0,1,0,0,5,3,3,2,61.08443949,63,231434,14058,46,15,5,10,97.4%,0.7,9,24,18.9,26,55,599,140,193,987,$592,24,266,62,85.6,438,$48,$640,$36,"$1,340",37.70,$389,"$1,073",2.76,$91,"$5,760",63.27,$125,"$5,544.00",44.29,24,$14.6,"$1,200.00",82,219,$24,"$2,300",95,$145,$128,$17,$949,57,$55,74,$8,$715,88,$53,$109,2.06,$757,$42,Immediate,$13,Immediate,0,0,0,,,,,,,,,,,,,,,,,,,,,,,,,,,,,,,,,,,,,,,,,
115,307 Kierfaber St ,1464,612,816,160,1370,5,15,2,5,78%,13,0.55,407,22,20.5,22,14,4368,1,1,1,1,0,0,5,5,10,28,109.0544946,136,238400,7343,46,15,5,10,97.4%,0.7,9,24,18.9,26,108,576,147,187,1018,$611,20,106,27,34.6,188,$21,$631,$67,"$1,142",16.98,$357,$822,2.30,$91,"$4,800",52.74,$116,"$4,284.00",36.92,203,$121.7,"$1,200.00",10,94,$10,"$2,300",222,$163,$128,$35,$949,27,$167,74,$8,$715,88,$53,$109,2.06,$860,$47,Immediate,$13,Immediate,0,0,0,,,,,,,,,,,,,,,,,,,,,,,,,,,,,,,,,,,,,,,,,
116,309 Kierfaber St ,1632,948,1028,127,2243,5,15,2,5,95%,13,0.81,407,22,20.5,18,14,4368,1,1,0,1,0,128,5,4,4,6,108.4332906,117,187495,2243,46,15,5,10,97.4%,0.96,9,24,18.9,26,88,609,75,187,959,$576,8,53,7,16.4,84,$9,$585,$54,"$1,439",26.75,$371,"$1,346",3.63,$46,"$3,810",83.11,$114,"$6,636.00",58.18,24,$14.2,"$1,200.00",85,42,$5,"$2,300",499,$111,$94,$17,$949,55,$36,74,$8,$715,88,$43,$89,2.06,$672,$32,Immediate,$13,Immediate,0,0,0,,,,,,,,,,,,,,,,,,,,,,,,,,,,,,,,,,,,,,,,,
117,327 Kiefaber St,1704,948,1140,220,2150,5,15,2,5,90%,0,0.59,461,16,16.5,16,14,4368,1,0,1,1,0,0,6,6,6,0,134.7285354,135,234841,4303,46,15,5,10,97.4%,0.7,9,24,18.9,0,129,771,172,247,1320,$792,0,0,0,0,0,$0,$792,$78,"$1,596",20.56,$463,"$1,290",2.79,$103,"$6,600",63.87,$148,"$6,636.00",44.71,100,$60.2,"$1,200.00",20,0,$0,$0,0,$152,$128,$24,$949,40,$84,111,$12,$715,59,$38,$79,2.06,$927,$44,Immediate,$15,Immediate,0,0,0,,,,,,,,,,,,,,,,,,,,,,,,,,,,,,,,,,,,,,,,,
118,331 Kiefaber St,1008,720,950,169,791,5,13,1,4,95%,13,0.59,407,22,20.5,18,14,4368,1,0,0,1,27,0,4,5,5,11,125.273163,139,172434,14158,46,15,5,10,97.4%,0.7,9,24,18.9,26,99,273,245,131,748,$449,59,164,147,78.4,449,$49,$498,$66,"$1,330",20.21,$182,$475,2.61,$163,"$5,070",31.02,$87,"$5,040.00",57.91,18,$11.1,"$1,200.00",109,224,$25,"$2,300",93,$152,$128,$24,$949,40,$60,74,$8,$715,88,$43,$89,2.06,$609,$44,Immediate,$13,Immediate,0,0,0,,,,,,,,,,,,,,,,,,,,,,,,,,,,,,,,,,,,,,,,,
119,413 Kiefaber St,850,708,688,99,845,5,6,2,4,80%,10,0.56,600,12,16.5,12,14,4368,0,0,0,0,0,0,3,9,21,55,74.14162958,131,181192,14058,46,15,5,10,97.4%,0.7,9,24,18.9,26,207,363,67,160,798,$479,129,226,42,99.5,496,$55,$534,$139,$963,6.95,$243,$507,2.09,$45,"$2,970",66.07,$107,"$4,956.00",46.25,143,$85.6,"$1,200.00",14,305,$34,"$2,300",69,$161,$128,$32,$949,30,$151,236,$26,$715,28,$29,$59,2.06,$740,$0,Immediate,$0,Immediate,0,0,0,,,,,,,,,,,,,,,,,,,,,,,,,,,,,,,,,,,,,,,,,
120,415 Kiefaber St,950,828,918,142,962,5,18,1,4,80%,10,0.56,600,12,16.5,12,14,4368,0,0,0,0,0,0,4,6,12,87,50.16385004,136,57388,6315,46,15,5,10,97.4%,0.7,9,24,18.9,26,23,131,81,59,295,$177,20,115,72,52.3,259,$29,$205,$16,"$1,285",81.19,$91,$577,6.32,$57,"$4,260",75.02,$41,"$5,796.00",140.04,53,$31.6,"$1,200.00",38,160,$18,"$2,300",131,$161,$128,$32,$949,30,$81,236,$26,$715,28,$29,$59,2.06,$341,$0,Immediate,$0,Immediate,0,0,0,,,,,,,,,,,,,,,,,,,,,,,,,,,,,,,,,,,,,,,,,
121,418 kiefaber St,1334,852,894,109,1027,5,18,2,5,80%,11.3,0.56,407,22,20.5,16,14,4368,1,0,0,1,27,0,6,6,6,37,85.74626134,123,105815,15941,46,15,5,10,97.4%,0.7,9,24,18.9,26,41,187,43,113,384,$230,44,199,46,120.2,409,$45,$275,$29,"$1,252",42.77,$134,$616,4.60,$31,"$3,270",105.40,$81,"$5,964.00",73.78,69,$41.1,"$1,200.00",29,231,$25,"$2,300",90,$161,$128,$32,$949,30,$99,74,$8,$715,88,$38,$79,2.06,$420,$46,Immediate,$13,Immediate,0,0,0,,,,,,,,,,,,,,,,,,,,,,,,,,,,,,,,,,,,,,,,,
122,422 Kiefaber St,1147,684,684,148,1562,5,20,2,4,78%,0,0.7,479,19,20.5,16,14,4368,1,0,0,1,0,0,4,5,9,122,85.1270977,206,63347,35644,46,15,5,10,97.4%,0.7,9,24,18.9,0,16,241,36,56,348,$209,0,0,0,0.0,0,$0,$209,$9,$958,101.96,$145,$937,6.48,$22,"$4,440",205.22,$33,"$4,788.00",143.65,69,$41.6,"$1,200.00",29,0,$0,$0,0,$128,$128,$0,$949,0,$42,128,$14,$715,51,$38,$79,2.06,$303,$37,Immediate,$15,Immediate,0,0,0,,,,,,,,,,,,,,,,,,,,,,,,,,,,,,,,,,,,,,,,,
123,423 Kiefaber St,1213,684,822,107,1603,5,6,2,4,90%,16,0.56,600,12,16.5,12,14,4368,1,0,0,0,27,0,5,7,7,35,84.65875238,120,99730,135301,46,15,5,10,97.4%,0.7,9,24,18.9,26,121,337,36,76,570,$342,925,2574,271,578.4,4349,$478,$820,$175,"$1,151",6.59,$486,$962,1.98,$51,"$3,210",62.69,$109,"$4,788.00",43.89,43,$26.0,"$1,200.00",46,1673,$184,"$2,300",12,$161,$128,$32,$949,30,$242,236,$26,$715,28,$29,$59,2.06,"$1,117",$46,Immediate,$0,Immediate,0,0,0,,,,,,,,,,,,,,,,,,,,,,,,,,,,,,,,,,,,,,,,,
124,424 Kiefaber St,1212,672,618,131,1549,5,18,2,5,92%,0,0.57,479,17,18.2,16,14,4368,0,0,0,1,0,144,4,4,4,33,84.98547472,119,113641,3538,46,15,5,10,97.4%,0.7,9,24,18.9,0,26,263,49,83,421,$253,0,0,0,0.0,0,$0,$253,$16,$865,54.76,$158,$929,5.89,$29,"$3,930",134.93,$50,"$4,704.00",94.45,23,$14.0,"$1,200.00",86,0,$0,$0,0,$158,$128,$29,$949,32,$43,125,$14,$715,52,$38,$79,2.06,$348,$0,Immediate,$15,Immediate,0,0,0,,,,,,,,,,,,,,,,,,,,,,,,,,,,,,,,,,,,,,,,,
125,425 Kiefaber St,1490,804,826,157,1853,5,15,2,5,95%,13,0.55,461,16,16.5,14,14,4368,1,1,0,1,0,81,5,5,5,36,55.37918997,90,65214,14058,46,15,5,10,97.4%,0.7,9,24,18.9,26,25,175,32,55,287,$172,39,276,51,86.9,452,$50,$222,$19,"$1,156",60.64,$135,"$1,112",8.22,$25,"$4,710",188.39,$43,"$5,628.00",131.87,7,$4.2,"$1,200.00",283,226,$25,"$2,300",92,$163,$128,$35,$949,27,$64,111,$12,$715,59,$34,$69,2.06,$332,$47,Immediate,$15,Immediate,0,0,0,,,,,,,,,,,,,,,,,,,,,,,,,,,,,,,,,,,,,,,,,
126,426 Kiefaber St,1088,600,544,121,1379,5,15,2,5,95%,13,0.81,407,22,20.5,14,14,4368,0,0,0,0,27,0,4,6,6,10,79.98750217,92,133637,21181,46,15,5,10,97.4%,0.96,9,24,18.9,26,33,267,51,84,435,$261,39,309,59,97.8,504,$55,$317,$24,$762,31.46,$194,$827,4.26,$37,"$3,630",97.73,$61,"$4,200.00",68.41,11,$6.4,"$1,200.00",186,252,$28,"$2,300",83,$111,$94,$17,$949,55,$52,74,$8,$715,88,$34,$69,2.06,$410,$0,Immediate,$0,Immediate,0,0,0,,,,,,,,,,,,,,,,,,,,,,,,,,,,,,,,,,,,,,,,,
127,428 Kiefaber St,944,696,632,148,1592,5,15,2,4,95%,0,0.59,479,17,18.2,12,14,4368,1,0,0,1,0,0,5,8,8,46,105.387645,152,116288,135307,46,15,5,10,97.4%,0.7,9,24,18.9,0,34,370,54,85,543,$326,0,0,0,0.0,0,$0,$326,$20,$885,43.83,$222,$955,4.30,$33,"$4,440",136.16,$51,"$4,872.00",95.31,13,$8.0,"$1,200.00",149,0,$0,$0,0,$152,$128,$24,$949,40,$32,125,$14,$715,52,$29,$59,2.06,$400,$44,Immediate,$15,Immediate,0,0,0,,,,,,,,,,,,,,,,,,,,,,,,,,,,,,,,,,,,,,,,,
128,429 Kierfaber St ,1500,888,830,220,2000,5,22,2,5,80%,16,0.63,461,16,16.5,28,14,4368,1,1,0,1,0,144,6,8,8,57,80.3140543,136,62516,135307,46,15,5,10,97.4%,0.7,9,24,18.9,26,15,215,52,69,351,$211,165,2326,558,751.0,3800,$418,$629,$27,"$1,162",42.59,$385,"$1,200",3.12,$92,"$6,600",71.47,$124,"$6,216.00",50.03,63,$37.6,"$1,200.00",32,1461,$161,"$2,300",14,$143,$128,$14,$949,67,$213,111,$12,$715,59,$67,$138,2.06,$921,$41,Immediate,$15,Immediate,0,0,0,,,,,,,,,,,,,,,,,,,,,,,,,,,,,,,,,,,,,,,,,
129,431 Kierfaber St ,1500,888,830,220,2000,5,22,2,5,80%,16,0.63,461,16,16.5,28,14,4368,1,1,0,1,0,144,6,10,18,0,0,0,145077,24993,46,15,5,10,97.4%,0.7,9,24,18.9,26,35,499,120,161,815,$489,30,430,103,138.7,702,$77,$566,$25,"$1,162",47.29,$346,"$1,200",3.46,$83,"$6,600",79.37,$112,"$6,216.00",55.56,146,$87.3,"$1,200.00",14,270,$30,"$2,300",77,$143,$128,$14,$949,67,$131,111,$12,$715,59,$67,$138,2.06,$777,$41,Immediate,$15,Immediate,0,0,0,,,,,,,,,,,,,,,,,,,,,,,,,,,,,,,,,,,,,,,,,
130,437 Kierfaber St ,1500,888,830,220,2000,5,22,2,5,80%,16,0.63,461,16,16.5,28,14,4368,1,1,0,1,0,144,6,7,9,0,0,0,145077,24993,46,15,5,10,97.4%,0.7,9,24,18.9,26,35,499,120,161,815,$489,30,430,103,138.7,702,$77,$566,$25,"$1,162",47.29,$346,"$1,200",3.46,$83,"$6,600",79.37,$112,"$6,216.00",55.56,146,$87.3,"$1,200.00",14,270,$30,"$2,300",77,$143,$128,$14,$949,67,$131,111,$12,$715,59,$67,$138,2.06,$777,$41,Immediate,$15,Immediate,0,0,0,,,,,,,,,,,,,,,,,,,,,,,,,,,,,,,,,,,,,,,,,
131,440 Kiefaber St,1432,792,872,170,1810,5,13,2,4,78%,0,0.59,461,16,16.5,24,14,4368,1,0,0,1,0,0,5,5,7,18,173.5461418,190,243796,6847,46,15,5,10,97.4%,0.7,9,24,18.9,0,156,1074,159,248,1637,$982,0,0,0,0.0,0,$0,$982,$94,"$1,221",13.02,$645,"$1,086",1.68,$96,"$5,100",53.32,$149,"$5,544.00",37.33,326,$195.7,"$1,200.00",6,0,$0,$0,0,$152,$128,$24,$949,40,$220,111,$12,$715,59,$58,$119,2.06,"$1,272",$44,Immediate,$15,Immediate,0,0,0,,,,,,,,,,,,,,,,,,,,,,,,,,,,,,,,,,,,,,,,,
132,441 Kierfaber St ,1200,720,688,147,1653,5,15,2,5,95%,13,0.59,407,22,20.5,14,14,4368,1,1,0,1,27,0,5,6,6,35,68.67001169,104,115272,1620,46,15,5,10,97.4%,0.7,9,24,18.9,26,36,276,54,87,453,$272,4,28,5,9.0,47,$5,$277,$22,$963,43.40,$169,$992,5.88,$33,"$4,410",134.82,$53,"$5,040.00",94.37,11,$6.7,"$1,200.00",179,23,$3,"$2,300",899,$152,$128,$24,$949,40,$33,74,$8,$715,88,$34,$69,2.06,$352,$44,Immediate,$13,Immediate,0,0,0,,,,,,,,,,,,,,,,,,,,,,,,,,,,,,,,,,,,,,,,,
133,443 Kierfaber St ,1100,780,560,92,1858,5,15,2,4,80%,0,0.59,600,12,16.5,16,14,4368,1,0,0,1,27,0,5,7,7,48,130.4687633,180,120572,5673,46,15,5,10,97.4%,0.7,9,24,18.9,0,37,532,42,118,728,$437,0,0,0,0.0,0,$0,$437,$22,$784,35.60,$319,"$1,115",3.49,$25,"$2,760",110.58,$71,"$5,460.00",77.41,130,$78.0,"$1,200.00",15,0,$0,$0,0,$152,$128,$24,$949,40,$102,236,$26,$715,28,$38,$79,2.06,$603,$44,Immediate,$19,Immediate,0,0,0,,,,,,,,,,,,,,,,,,,,,,,,,,,,,,,,,,,,,,,,,
134,447 Kierfaber St ,1000,708,756,121,1649,5,13,2,4,95%,10,0.59,479,17,18.2,14,14,4368,1,1,0,1,27,0,4,6,6,81,115.1168781,198,97514,26809,46,15,5,10,97.4%,0.7,9,24,18.9,26,44,321,37,73,476,$285,116,839,97,189.8,1243,$137,$422,$39,"$1,058",26.82,$285,$989,3.47,$33,"$3,630",109.80,$64,"$4,956.00",76.86,12,$7.0,"$1,200.00",171,765,$84,"$2,300",27,$152,$128,$24,$949,40,$115,125,$14,$715,52,$34,$69,2.06,$585,$44,Immediate,$15,Immediate,0,0,0,,,,,,,,,,,,,,,,,,,,,,,,,,,,,,,,,,,,,,,,,
135,448 Kiefaber St,1512,864,792,122,2038,5,15,2,4,95%,0,0.59,407,22,20.5,16,14,4368,1,0,0,1,0,576,4,1,1,26,66.53337562,93,109793,135307,46,15,5,10,97.4%,0.7,9,24,18.9,0,40,447,42,100,629,$378,0,0,0,0.0,0,$0,$378,$24,"$1,109",46.42,$268,"$1,223",4.56,$25,"$3,660",144.21,$60,"$6,048.00",100.95,16,$9.3,"$1,200.00",129,0,$0,$0,0,$152,$128,$24,$949,40,$33,74,$8,$715,88,$38,$79,2.06,$457,$44,Immediate,$13,Immediate,0,0,0,,,,,,,,,,,,,,,,,,,,,,,,,,,,,,,,,,,,,,,,,
136,449Kierfaber St ,1200,720,600,134,1666,5,22,2,4,95%,13,0.81,407,22,20.5,12,14,4368,1,0,0,1,0,288,4,5,14,3,129.233084,131,237132,6934,46,15,5,10,97.4%,0.96,9,24,18.9,26,35,790,100,180,1105,$663,8,169,21,38.4,236,$26,$689,$22,$840,38.29,$492,"$1,000",2.03,$63,"$4,020",64.25,$112,"$5,040.00",44.98,27,$16.3,"$1,200.00",73,118,$13,"$2,300",177,$111,$94,$17,$949,55,$47,74,$8,$715,88,$29,$59,2.06,$773,$32,Immediate,$13,Immediate,0,0,0,,,,,,,,,,,,,,,,,,,,,,,,,,,,,,,,,,,,,,,,,
137,452 Kiefaber St,1224,684,690,120,1590,5,15,2,4,78%,0,0.59,407,22,20.5,20,14,4368,1,0,0,1,0,0,6,6,6,37,118.7558234,156,110641,1712,46,15,5,10,97.4%,0.7,9,24,18.9,0,43,428,51,97,619,$371,0,0,0,0.0,0,$0,$371,$26,$966,37.82,$257,$954,3.71,$31,"$3,600",117.50,$58,"$4,788.00",82.25,123,$74.0,"$1,200.00",16,0,$0,$0,0,$152,$128,$24,$949,40,$98,74,$8,$715,88,$48,$99,2.06,$525,$44,Immediate,$13,Immediate,0,0,0,,,,,,,,,,,,,,,,,,,,,,,,,,,,,,,,,,,,,,,,,
138,453 Kiefaber St,1300,636,700,139,1451,5,15,2,4,80%,11.3,0.59,407,22,20.5,18,14,4368,0,1,0,0,71.5,0,4,5,5,37,91.73713109,130,113605,14058,46,15,5,10,97.4%,0.7,9,24,18.9,26,43,391,59,90,584,$350,38,343,52,79.1,512,$56,$407,$30,$980,32.55,$272,$871,3.20,$41,"$4,170",101.12,$63,"$4,452.00",70.79,104,$62.6,"$1,200.00",19,289,$32,"$2,300",72,$152,$128,$24,$949,40,$118,74,$8,$715,88,$43,$89,2.06,$576,$0,Immediate,$0,Immediate,0,0,0,,,,,,,,,,,,,,,,,,,,,,,,,,,,,,,,,,,,,,,,,
139,454 Kiefaber St,952,648,560,94,1526,5,10,2,4,78%,0,0.59,479,17,18.2,14,14,4368,1,0,1,1,0,0,3,7,11,121,90.86816773,210,64847,1209,46,15,5,10,97.4%,0.7,9,24,18.9,0,38,241,23,54,356,$214,0,0,0,0.0,0,$0,$214,$23,$784,34.52,$145,$916,6.33,$14,"$2,820",200.47,$32,"$4,536.00",140.33,71,$42.6,"$1,200.00",28,0,$0,$0,0,$152,$128,$24,$949,40,$66,125,$14,$715,52,$34,$69,2.06,$328,$44,Immediate,$15,Immediate,0,0,0,,,,,,,,,,,,,,,,,,,,,,,,,,,,,,,,,,,,,,,,,
140,455 Kiefaber St,1200,684,600,87,1623,5,10,2,4,95%,16,0.59,407,22,20.5,14,14,4368,1,0,0,1,0,72,4,6,6,41,79.20151468,121,106736,5081,46,15,5,10,97.4%,0.7,9,24,18.9,26,55,346,29,77,507,$304,15,98,8,21.7,143,$16,$320,$35,$840,24.29,$219,$974,4.46,$19,"$2,610",141.03,$48,"$4,788.00",98.72,12,$7.5,"$1,200.00",160,55,$6,"$2,300",379,$152,$128,$24,$949,40,$38,74,$8,$715,88,$34,$69,2.06,$399,$44,Immediate,$13,Immediate,0,0,0,,,,,,,,,,,,,,,,,,,,,,,,,,,,,,,,,,,,,,,,,
141,456Kierfaber St ,924,684,588,90,1620,5,6,2,4,95%,16,0.59,587,20,18.5,16,14,4368,1,0,0,1,27,0,4,8,8,27,129.1027385,159,181192,2392,46,15,5,10,97.4%,0.7,9,24,18.9,26,149,587,51,130,918,$551,12,46,4,10.2,72,$8,$559,$91,$823,9.06,$357,$972,2.72,$31,"$2,700",86.15,$79,"$4,788.00",60.30,23,$13.6,"$1,200.00",88,28,$3,"$2,300",756,$152,$128,$24,$949,40,$41,72,$8,$715,91,$38,$79,2.06,$646,$44,Immediate,$19,Immediate,0,0,0,,,,,,,,,,,,,,,,,,,,,,,,,,,,,,,,,,,,,,,,,
142,460 Kiefaber St,1144,648,572,170,1450,5,22,2,4,80%,11.3,0.59,407,22,20.5,18,14,4368,1,1,0,1,27,0,4,6,6,41,93.04498656,134,118980,478,46,15,5,10,97.4%,0.7,9,24,18.9,26,20,409,76,96,602,$361,1,12,2,2.7,17,$2,$363,$12,$801,66.43,$247,$870,3.52,$46,"$5,100",111.48,$58,"$4,536.00",78.04,107,$64.5,"$1,200.00",19,10,$1,"$2,300",2161,$152,$128,$24,$949,40,$89,74,$8,$715,88,$43,$89,2.06,$504,$44,Immediate,$13,Immediate,0,0,0,,,,,,,,,,,,,,,,,,,,,,,,,,,,,,,,,,,,,,,,,
,,,,,,,,,,,,,,,,,,,,,,,,,,,,,,,,,,,,,,,,,,,,,,,,,"$39,577",,,,,,"$6,525","$46,102","$5,306","$169,026",,"$25,185","$132,811",,"$6,745","$648,600",,"$8,865","$638,400",,,"$4,491","$170,400",,,"$3,293","$200,100",,,,"$3,335","$134,758",,"$11,119",,"$1,823","$101,473",,"$6,453","$13,269",,"$65,497","$3,922",,"$1,840",,,,,,,,,,,,,,,,,,,,,,,,,,,,,,,,,,,,,,,,,,,,,
,,,,,,,,,,,,,,,,,,,,,,,,,,,,,,,,,,,,,,,,,,,,,,,,,,,,,,,,,,,,,,,,,,,,,,,,,,,,,,,,,,,,,,,,,,,,,,,,,,,,,,,,,,,,,,,,,,,,,,,,,,,,,,,,,,,,,,,,,,
,,,,,,,,,,,,,,,,,,,,,,,,,,,,,,,,,,,,,,,,,,,,,,,,,,,,,,,,,,,,,,,,,,,,,,,,,,,,,,,,,,,,,,,,,,,,,,,,,,,,,,,,,,,,,,,,,,,,,,,,,,,,,,,,,,,,,,,,,,
,,,,,,,,,,,,,,,,,,,,,,,,,,,,,,,,,,,,,,,,,,,,,,,,,,,,,,,,,,,,,,,,,,,,,,,,,,,,,,,,,,,,,,,,,,,,,,,,,,,,,,,,,,,,,,,,,,,,,,,,,,,,,,,,,,,,,,,,,,
,,,,,,,,,,,,,,,,,,,,,,,,,,,,,,,,,,,,,,,,,,,,,,,,,,,,,,,,,,,,,,,,,,,,,,,,,,,,,,,,,,,,,,,,,Total House cost savings ($),,,"$71,259",,Paybak,,,,,,,,,,,,,,,,,,,,,,,,,,,,,,,,,,,,,,,,,,,,
,,,,,,,,,,,,,,,,,,,,,,,,,,,,,,,,,,,,,,,,,,,,,,,,,,,,,,,,,,,,,,,,,,,,,,,,,,,,,,,,,,,,,,,,,Total Invest. Cost,,,"$2,208,837",,31.00,,,,,,,,,,,,,,,,,,,,,,,,,,,,,,,,,,,,,,,,,,,,
,,,,,,,,,,,,,,,,,,,,,,,,,,,,,,,,,,,,,,,,,,,,,,,,,,,,,,,,,,,,,,,,,,,,,,,,,,,,,,,,,,,,,,,,,,,,,,,,,,,,,,,,,,,,,,,,,,,,,,,,,,,,,,,,,,,,,,,,,,
,,,,,,,,,,,,,,,,,,,,,,,,,,,,,,,,,,,,,,,,,,,,,,,,,,,,,,,,,,,,,,,,,,,,,,,,,,,,,,,,,,,,,,,,,,,,,,,,,,,,,,,,,,,,,,,,,,,,,,,,,,,,,,,,,,,,,,,,,,
,,,,,,,,,,,,,,,,,,,,,,,,,,,,,,,,,,,,,,,,,,,,,,,,,,,,,,,,,,,,,,,,,,,,,,,,,,,,,,,,,,,,,,,,,,,,"$71,259",,,,,,,,,,,,,,,,,,,,,,,,,,,,,,,,,,,,,,,,,,,,,,
,,,,,,,,,,,,,,,,,,,,,,,,,,,,,,,,,,,,,,,,,,,,,,,,,,,,,,,,,,,,,,,,,,,,,,,,,,,,,,,,,,,,,,,,,,,,"$2,002,022",,,,,,,,,,,,,,,,,,,,,,,,,,,,,,,,,,,,,,,,,,,,,,
,,,,,,,,,,,,,,,,,,,,,,,,,,,,,,,,,,,,,,,,,,,,,,,,,,,,,,,,,,,,,,,,,,,,,,,,,,,,,,,,,,,,,,,,,,,,,,,,,,,,,,,,,,,,,,,,,,,,,,,,,,,,,,,,,,,,,,,,,,
,,,,,,,,,,,,,,,,,,,,,,,,,,,,,,,,,,,,,,,,,,,,,,,,,,,,,,,,,,,,,,,,,,,,,,,,,,,,,,,,,,,,,,,,,,,,,,,,,,,,,,,,,,,,,,,,,,,,,,,,,,,,,,,,,,,,,,,,,,
,,,,,,,,,,,,,,,,,,,,,,,,,,,,,,,,,,,,,,,,,,,,,,,,,,,,,,,,,,,,,,,,,,,,,,,,,,,,,,,,,,,,,,,,,,,,,,,,,,,,,,,,,,,,,,,,,,,,,,,,,,,,,,,,,,,,,,,,,,
,,,,,,,,,,,,,,,,,,,,,,,,,,,,,,,,,,,,,,,,,,,,,,,,,,,,,,,,,,,,,,,,,,,,,,,,,,,,,,,,,,,,,,,,,,,,,,,,,,,,,,,,,,,,,,,,,,,,,,,,,,,,,,,,,,,,,,,,,,
,,,,,,,,,,,,,,,,,,,,,,,,,,,,,,,,,,,,,,,,,,,,,,,,,,,,,,,,,,,,,,,,,,,,,,,,,,,,,,,,,,,,,,,,,,,,,,,,,,,,,,,,,,,,,,,,,,,,,,,,,,,,,,,,,,,,,,,,,,
,,,,,,,,,,,,,,,,,,,,,,,,,,,,,,,,,,,,,,,,,,,,,,,,,,,,,,,,,,,,,,,,,,,,,,,,,,,,,,,,,,,,,,,,,,,,,,,,,,,,,,,,,,,,,,,,,,,,,,,,,,,,,,,,,,,,,,,,,,
,,,,,,,,,,,,,,,,,,,,,,,,,,,,,,,,,,,,,,,,,,,,,,,,,,,,,,,,,,,,,,,,,,,,,,,,,,,,,,,,,,,,,,,,,,,,,,,,,,,,,,,,,,,,,,,,,,,,,,,,,,,,,,,,,,,,,,,,,,
,,,,,,,,,,,,,,,,,,,,,,,,,,,,,,,,,,,,,,,,,,,,,,,,,,,,,,,,,,,,,,,,,,,,,,,,,,,,,,,,,,,,,,,,,,,,,,,,,,,,,,,,,,,,,,,,,,,,,,,,,,,,,,,,,,,,,,,,,,
